Source,Target
Aenesidemus,Antiochus of Ascalon
Aenesidemus,Arcesilaus
Aenesidemus,Carneades
Aenesidemus,Cicero
Aenesidemus,Clitomachus
Aenesidemus,Philo of Larissa
Aenesidemus,Plato
Aenesidemus,Pyrrho
Aenesidemus,Timon of Phlius
Aenesidemus,Agrippa the Sceptic
Aenesidemus,Sextus Empiricus
Aenesidemus,David Hume
Aenesidemus,Immanuel Kant
Aenesidemus,Karl Leonhard Reinhold
Aenesidemus,Gottlob Ernst Schulze
Aenesidemus,Robert Fogelin
Aenesidemus,Benson Mates
Agastya,Angiras
Agastya,Ashtavakra
Agastya,Dirghatamas
Agastya,Jaimini
Agastya,Kapila
Agastya,Kanada
Agastya,Lopamudra
Agastya,Markandeya
Agastya,Parashara
Agastya,Shvetashvatara
Agastya,Vasishtha
Agastya,Yajnavalkya
Agastya,Abhinavagupta
Agastya,Adi Shankara
Agastya,Jayanta Bhatta
Agastya,Valluvar
Agastya,Akka Mahadevi
Agastya,Bhoja
Agastya,Basava
Agastya,Gangesha Upadhyaya
Agastya,Khana
Agastya,Kabir
Agastya,Narahari Tirtha
Agastya,Ramanuja
Agastya,Siddheshwar
Agastya,Vedanta Desika
Agastya,Raghunatha Siromani
Agastya,Edwin Bryant
Alcibiades,Anaxagoras
Alcibiades,Anaximander
Alcibiades,Antisthenes
Alcibiades,Aristotle
Alcibiades,Cicero
Alcibiades,Democritus
Alcibiades,Diagoras
Alcibiades,Empedocles
Alcibiades,Epicurus
Alcibiades,Gorgias
Alcibiades,Hippias
Alcibiades,Hippocrates
Alcibiades,Isocrates
Alcibiades,Leucippus
Alcibiades,Parmenides
Alcibiades,Plato
Alcibiades,Protagoras
Alcibiades,Pythagoras
Alcibiades,Socrates
Alcibiades,Thales
Alcibiades,Theophrastus
Alcibiades,Thucydides
Alcibiades,Xenophon
Alcibiades,Aristides
Alcibiades,Arius
Alcibiades,Lucian
Alcibiades,Leo Strauss
Alcmaeon of Croton,Aenesidemus
Alcmaeon of Croton,Anaxagoras
Alcmaeon of Croton,Anaximander
Alcmaeon of Croton,Anniceris
Alcmaeon of Croton,Antisthenes
Alcmaeon of Croton,Arcesilaus
Alcmaeon of Croton,Archytas
Alcmaeon of Croton,Aristotle
Alcmaeon of Croton,Callicles
Alcmaeon of Croton,Carneades
Alcmaeon of Croton,Chrysippus
Alcmaeon of Croton,Cicero
Alcmaeon of Croton,Cleanthes
Alcmaeon of Croton,Cleobulus
Alcmaeon of Croton,Democritus
Alcmaeon of Croton,Diodorus Cronus
Alcmaeon of Croton,Empedocles
Alcmaeon of Croton,Epicurus
Alcmaeon of Croton,Epimenides
Alcmaeon of Croton,Euclid of Megara
Alcmaeon of Croton,Gorgias
Alcmaeon of Croton,Hegesias of Cyrene
Alcmaeon of Croton,Hippasus
Alcmaeon of Croton,Hippias
Alcmaeon of Croton,Hippocrates
Alcmaeon of Croton,Leucippus
Alcmaeon of Croton,Lucretius
Alcmaeon of Croton,Menedemus
Alcmaeon of Croton,Metrodorus of Lampsacus
Alcmaeon of Croton,Panaetius
Alcmaeon of Croton,Parmenides
Alcmaeon of Croton,Philo of Larissa
Alcmaeon of Croton,Plato
Alcmaeon of Croton,Posidonius
Alcmaeon of Croton,Prodicus
Alcmaeon of Croton,Protagoras
Alcmaeon of Croton,Pyrrho
Alcmaeon of Croton,Pythagoras
Alcmaeon of Croton,Socrates
Alcmaeon of Croton,Speusippus
Alcmaeon of Croton,Stilpo
Alcmaeon of Croton,Strato of Lampsacus
Alcmaeon of Croton,Thales
Alcmaeon of Croton,Theano
Alcmaeon of Croton,Theophrastus
Alcmaeon of Croton,Thrasymachus
Alcmaeon of Croton,Timon of Phlius
Alcmaeon of Croton,Xenocrates
Alcmaeon of Croton,Xenophon
Alcmaeon of Croton,Zeno of Citium
Alcmaeon of Croton,Zeno of Sidon
Alcmaeon of Croton,Alcinous
Alcmaeon of Croton,Alexander of Aphrodisias
Alcmaeon of Croton,Ammonius Hermiae
Alcmaeon of Croton,Ammonius Saccas
Alcmaeon of Croton,Apollonius of Tyana
Alcmaeon of Croton,Apuleius
Alcmaeon of Croton,Marcus Aurelius
Alcmaeon of Croton,Calcidius
Alcmaeon of Croton,Clement of Alexandria
Alcmaeon of Croton,Damascius
Alcmaeon of Croton,Diogenes of Oenoanda
Alcmaeon of Croton,Epictetus
Alcmaeon of Croton,Favorinus
Alcmaeon of Croton,Galen
Alcmaeon of Croton,Iamblichus
Alcmaeon of Croton,Lucian
Alcmaeon of Croton,Lucius Annaeus Cornutus
Alcmaeon of Croton,Numenius of Apamea
Alcmaeon of Croton,Philostratus
Alcmaeon of Croton,Plotinus
Alcmaeon of Croton,Porphyry
Alcmaeon of Croton,Proclus
Alcmaeon of Croton,Sextus Empiricus
Alcmaeon of Croton,Syrianus
Anacharsis,Lucian
Anaxagoras,Aenesidemus
Anaxagoras,Anaximander
Anaxagoras,Anniceris
Anaxagoras,Antisthenes
Anaxagoras,Arcesilaus
Anaxagoras,Archimedes
Anaxagoras,Archytas
Anaxagoras,Aristotle
Anaxagoras,Callicles
Anaxagoras,Carneades
Anaxagoras,Chrysippus
Anaxagoras,Cicero
Anaxagoras,Cleanthes
Anaxagoras,Cleobulus
Anaxagoras,Democritus
Anaxagoras,Diodorus Cronus
Anaxagoras,Empedocles
Anaxagoras,Epicurus
Anaxagoras,Epimenides
Anaxagoras,Euclid of Megara
Anaxagoras,Geminus
Anaxagoras,Gorgias
Anaxagoras,Hegesias of Cyrene
Anaxagoras,Hippasus
Anaxagoras,Hippias
Anaxagoras,Hippocrates
Anaxagoras,Leucippus
Anaxagoras,Lucretius
Anaxagoras,Menedemus
Anaxagoras,Metrodorus of Lampsacus
Anaxagoras,Panaetius
Anaxagoras,Parmenides
Anaxagoras,Philo of Larissa
Anaxagoras,Plato
Anaxagoras,Posidonius
Anaxagoras,Prodicus
Anaxagoras,Protagoras
Anaxagoras,Pyrrho
Anaxagoras,Pythagoras
Anaxagoras,Socrates
Anaxagoras,Speusippus
Anaxagoras,Stilpo
Anaxagoras,Strato of Lampsacus
Anaxagoras,Thales
Anaxagoras,Theano
Anaxagoras,Theophrastus
Anaxagoras,Thrasymachus
Anaxagoras,Thucydides
Anaxagoras,Timon of Phlius
Anaxagoras,Xenocrates
Anaxagoras,Xenophon
Anaxagoras,Zeno of Citium
Anaxagoras,Zeno of Elea
Anaxagoras,Zeno of Sidon
Anaxagoras,Alcinous
Anaxagoras,Alexander of Aphrodisias
Anaxagoras,Ammonius Hermiae
Anaxagoras,Ammonius Saccas
Anaxagoras,Apollonius of Tyana
Anaxagoras,Apuleius
Anaxagoras,Marcus Aurelius
Anaxagoras,Cleomedes
Anaxagoras,Damascius
Anaxagoras,Diogenes of Oenoanda
Anaxagoras,Epictetus
Anaxagoras,Favorinus
Anaxagoras,Galen
Anaxagoras,Iamblichus
Anaxagoras,Lucian
Anaxagoras,Lucius Annaeus Cornutus
Anaxagoras,Numenius of Apamea
Anaxagoras,Philostratus
Anaxagoras,Plotinus
Anaxagoras,Porphyry
Anaxagoras,Proclus
Anaxagoras,Ptolemy
Anaxagoras,Sextus Empiricus
Anaxagoras,Simplicius of Cilicia
Anaxagoras,Syrianus
Anaxagoras,Dante Alighieri
Anaxagoras,Nicholas of Cusa
Anaxagoras,Johann Wolfgang von Goethe
Anaxagoras,Friedrich Nietzsche
Anaxarchus,Democritus
Anaxarchus,Metrodorus of Chios
Anaxarchus,Pyrrho
Anaxarchus,Sextus Empiricus
Anaximander,Aenesidemus
Anaximander,Anaxagoras
Anaximander,Anniceris
Anaximander,Antisthenes
Anaximander,Arcesilaus
Anaximander,Archytas
Anaximander,Aristotle
Anaximander,Callicles
Anaximander,Carneades
Anaximander,Chrysippus
Anaximander,Cicero
Anaximander,Cleanthes
Anaximander,Cleobulus
Anaximander,Democritus
Anaximander,Diodorus Cronus
Anaximander,Empedocles
Anaximander,Epicurus
Anaximander,Epimenides
Anaximander,Euclid of Megara
Anaximander,Geminus
Anaximander,Gorgias
Anaximander,Hegesias of Cyrene
Anaximander,Hicetas
Anaximander,Hippasus
Anaximander,Hippias
Anaximander,Hippocrates
Anaximander,Leucippus
Anaximander,Lucretius
Anaximander,Menedemus
Anaximander,Metrodorus of Lampsacus
Anaximander,Panaetius
Anaximander,Parmenides
Anaximander,Philo of Larissa
Anaximander,Plato
Anaximander,Posidonius
Anaximander,Prodicus
Anaximander,Protagoras
Anaximander,Pyrrho
Anaximander,Pythagoras
Anaximander,Seneca the Younger
Anaximander,Socrates
Anaximander,Speusippus
Anaximander,Stilpo
Anaximander,Strato of Lampsacus
Anaximander,Thales
Anaximander,Theano
Anaximander,Theophrastus
Anaximander,Thrasymachus
Anaximander,Thucydides
Anaximander,Timon of Phlius
Anaximander,Xenocrates
Anaximander,Xenophon
Anaximander,Zeno of Citium
Anaximander,Zeno of Sidon
Anaximander,Alcinous
Anaximander,Alexander of Aphrodisias
Anaximander,Ammonius Hermiae
Anaximander,Ammonius Saccas
Anaximander,Apollonius of Tyana
Anaximander,Apuleius
Anaximander,Marcus Aurelius
Anaximander,Cleomedes
Anaximander,Damascius
Anaximander,Diogenes of Oenoanda
Anaximander,Epictetus
Anaximander,Eusebius of Caesarea
Anaximander,Favorinus
Anaximander,Galen
Anaximander,Iamblichus
Anaximander,Lucian
Anaximander,Lucius Annaeus Cornutus
Anaximander,Numenius of Apamea
Anaximander,Philostratus
Anaximander,Plotinus
Anaximander,Porphyry
Anaximander,Proclus
Anaximander,Ptolemy
Anaximander,Sextus Empiricus
Anaximander,Simplicius of Cilicia
Anaximander,Syrianus
Anaximander,Themistius
Anaximander,Henry George
Anaximander,Martin Heidegger
Anaximander,Friedrich Nietzsche
Anaximander,Bertrand Russell
Anaximander,Marcel Conche
Anaximander,Jacques Derrida
Anaximander,Werner Heisenberg
Anaximander,Karl Popper
Anaximander,John Sallis
Anaximenes of Miletus,Aenesidemus
Anaximenes of Miletus,Anaxagoras
Anaximenes of Miletus,Anaximander
Anaximenes of Miletus,Anniceris
Anaximenes of Miletus,Antisthenes
Anaximenes of Miletus,Arcesilaus
Anaximenes of Miletus,Archytas
Anaximenes of Miletus,Aristotle
Anaximenes of Miletus,Callicles
Anaximenes of Miletus,Carneades
Anaximenes of Miletus,Chrysippus
Anaximenes of Miletus,Cicero
Anaximenes of Miletus,Cleanthes
Anaximenes of Miletus,Cleobulus
Anaximenes of Miletus,Democritus
Anaximenes of Miletus,Diodorus Cronus
Anaximenes of Miletus,Empedocles
Anaximenes of Miletus,Epicurus
Anaximenes of Miletus,Epimenides
Anaximenes of Miletus,Euclid of Megara
Anaximenes of Miletus,Gorgias
Anaximenes of Miletus,Hegesias of Cyrene
Anaximenes of Miletus,Hippasus
Anaximenes of Miletus,Hippias
Anaximenes of Miletus,Leucippus
Anaximenes of Miletus,Lucretius
Anaximenes of Miletus,Menedemus
Anaximenes of Miletus,Metrodorus of Lampsacus
Anaximenes of Miletus,Panaetius
Anaximenes of Miletus,Parmenides
Anaximenes of Miletus,Philo of Larissa
Anaximenes of Miletus,Plato
Anaximenes of Miletus,Posidonius
Anaximenes of Miletus,Prodicus
Anaximenes of Miletus,Protagoras
Anaximenes of Miletus,Pyrrho
Anaximenes of Miletus,Pythagoras
Anaximenes of Miletus,Socrates
Anaximenes of Miletus,Speusippus
Anaximenes of Miletus,Stilpo
Anaximenes of Miletus,Strato of Lampsacus
Anaximenes of Miletus,Thales
Anaximenes of Miletus,Theano
Anaximenes of Miletus,Theophrastus
Anaximenes of Miletus,Thrasymachus
Anaximenes of Miletus,Thucydides
Anaximenes of Miletus,Timon of Phlius
Anaximenes of Miletus,Xenocrates
Anaximenes of Miletus,Xenophanes of Colophon
Anaximenes of Miletus,Xenophon
Anaximenes of Miletus,Zeno of Citium
Anaximenes of Miletus,Zeno of Sidon
Anaximenes of Miletus,Alcinous
Anaximenes of Miletus,Alexander of Aphrodisias
Anaximenes of Miletus,Ammonius Hermiae
Anaximenes of Miletus,Ammonius Saccas
Anaximenes of Miletus,Apollonius of Tyana
Anaximenes of Miletus,Apuleius
Anaximenes of Miletus,Marcus Aurelius
Anaximenes of Miletus,Damascius
Anaximenes of Miletus,Diogenes of Oenoanda
Anaximenes of Miletus,Epictetus
Anaximenes of Miletus,Favorinus
Anaximenes of Miletus,Galen
Anaximenes of Miletus,Iamblichus
Anaximenes of Miletus,Lucian
Anaximenes of Miletus,Lucius Annaeus Cornutus
Anaximenes of Miletus,Numenius of Apamea
Anaximenes of Miletus,Philostratus
Anaximenes of Miletus,Plotinus
Anaximenes of Miletus,Porphyry
Anaximenes of Miletus,Proclus
Anaximenes of Miletus,Sextus Empiricus
Anaximenes of Miletus,Syrianus
Anaximenes of Miletus,Isaac Newton
Anaximenes of Miletus,Werner Heisenberg
Anaximenes of Miletus,Karl Popper
Andronicus of Rhodes,Aristotle
Andronicus of Rhodes,Aristoxenus
Andronicus of Rhodes,Plato
Andronicus of Rhodes,Strato of Lampsacus
Andronicus of Rhodes,Theophrastus
Andronicus of Rhodes,Alexander of Aphrodisias
Andronicus of Rhodes,Aspasius
Andronicus of Rhodes,Porphyry
Andronicus of Rhodes,Themistius
Angiras,Agastya
Angiras,Ashtavakra
Angiras,Dirghatamas
Angiras,Jaimini
Angiras,Kapila
Angiras,Kanada
Angiras,Markandeya
Angiras,Parashara
Angiras,Shvetashvatara
Angiras,Shukracharya
Angiras,Vasishtha
Angiras,Yajnavalkya
Angiras,Bhoja
Anniceris,Plato
Anniceris,Socrates
Anniceris,Clement of Alexandria
Akspada Gautama,Agastya
Akspada Gautama,Ashtavakra
Akspada Gautama,Gautama Buddha
Akspada Gautama,Chanakya
Akspada Gautama,Confucius
Akspada Gautama,Dong Zhongshu
Akspada Gautama,Han Fei
Akspada Gautama,Jaimini
Akspada Gautama,Kapila
Akspada Gautama,Kanada
Akspada Gautama,Mahavira
Akspada Gautama,Mencius
Akspada Gautama,Markandeya
Akspada Gautama,Mozi
Akspada Gautama,Shang Yang
Akspada Gautama,Shvetashvatara
Akspada Gautama,Sun Tzu
Akspada Gautama,Uddalaka Aruni
Akspada Gautama,Xun Zi
Akspada Gautama,Yajnavalkya
Akspada Gautama,Abhinavagupta
Akspada Gautama,Adi Shankara
Akspada Gautama,Bhartrhari
Akspada Gautama,Buddhaghosa
Akspada Gautama,Dharmakirti
Akspada Gautama,Fazang
Akspada Gautama,Han Yu
Akspada Gautama,Jayanta Bhatta
Akspada Gautama,Nagarjuna
Akspada Gautama,Udayana
Akspada Gautama,Uddyotakara
Akspada Gautama,Uisang
Akspada Gautama,Valluvar
Akspada Gautama,Vasubandhu
Akspada Gautama,Vatsyayana
Akspada Gautama,Zhiyi
Akspada Gautama,Zongmi
Akspada Gautama,Cheng Hao
Akspada Gautama,Cheng Yi
Akspada Gautama,Dogen
Akspada Gautama,Gangesha Upadhyaya
Akspada Gautama,Jinul
Akspada Gautama,Jayatirtha
Akspada Gautama,Ramanuja
Akspada Gautama,Vedanta Desika
Akspada Gautama,Zhu Xi
Akspada Gautama,Chaitanya Mahaprabhu
Akspada Gautama,Fujiwara Seika
Akspada Gautama,Raghunatha Siromani
Akspada Gautama,Vyasatirtha
Akspada Gautama,Yi Hwang
Akspada Gautama,Yi I
Akspada Gautama,Huang Zongxi
Akspada Gautama,Wang Fuzhi
Akspada Gautama,Motoori Norinaga
Akspada Gautama,Feng Youlan
Akspada Gautama,Kang Youwei
Akspada Gautama,Liu Shaoqi
Akspada Gautama,Mao Zedong
Akspada Gautama,Sun Yat-sen
Akspada Gautama,Julian Baggini
Akspada Gautama,Johannes Bronkhorst
Akspada Gautama,Jaegwon Kim
Akspada Gautama,Bimal Krishna Matilal
Akspada Gautama,Mou Zongsan
Antiochus of Ascalon,Arcesilaus
Antiochus of Ascalon,Aristotle
Antiochus of Ascalon,Titus Pomponius Atticus
Antiochus of Ascalon,Carneades
Antiochus of Ascalon,Cicero
Antiochus of Ascalon,Clitomachus
Antiochus of Ascalon,Crantor
Antiochus of Ascalon,Heraclides Ponticus
Antiochus of Ascalon,Menedemus
Antiochus of Ascalon,Metrodorus of Stratonicea
Antiochus of Ascalon,Panaetius
Antiochus of Ascalon,Philo of Larissa
Antiochus of Ascalon,Philodemus of Gadara
Antiochus of Ascalon,Plato
Antiochus of Ascalon,Pyrrho
Antiochus of Ascalon,Speusippus
Antiochus of Ascalon,Xenocrates
Antiochus of Ascalon,Aedesius
Antiochus of Ascalon,Albinus
Antiochus of Ascalon,Alcinous
Antiochus of Ascalon,Ammonius Hermiae
Antiochus of Ascalon,Ammonius Saccas
Antiochus of Ascalon,Apuleius
Antiochus of Ascalon,Arius
Antiochus of Ascalon,Calcidius
Antiochus of Ascalon,Chrysanthius
Antiochus of Ascalon,Clement of Alexandria
Antiochus of Ascalon,Damascius
Antiochus of Ascalon,David the Invincible
Antiochus of Ascalon,Al-Farabi
Antiochus of Ascalon,Iamblichus
Antiochus of Ascalon,Longinus
Antiochus of Ascalon,Gaius Marius Victorinus
Antiochus of Ascalon,Numenius of Apamea
Antiochus of Ascalon,Plotinus
Antiochus of Ascalon,Porphyry
Antiochus of Ascalon,Proclus
Antiochus of Ascalon,Pseudo-Dionysius the Areopagite
Antiochus of Ascalon,Sextus Empiricus
Antiochus of Ascalon,Syrianus
Antiochus of Ascalon,Anselm
Antiochus of Ascalon,Bonaventure
Antiochus of Ascalon,Henry of Ghent
Antiochus of Ascalon,Meister Eckhart
Antiochus of Ascalon,Paul of Venice
Antiochus of Ascalon,Theodoric of Freiberg
Antiochus of Ascalon,Giordano Bruno
Antiochus of Ascalon,Marsilio Ficino
Antiochus of Ascalon,Giovanni Pico della Mirandola
Antiochus of Ascalon,Ralph Cudworth
Antiochus of Ascalon,Henry More
Antiochus of Ascalon,Blaise Pascal
Antiochus of Ascalon,Emanuel Swedenborg
Antiochus of Ascalon,Bernard Bolzano
Antiochus of Ascalon,Henri Bergson
Antiochus of Ascalon,Ralph Waldo Emerson
Antiochus of Ascalon,Gottlob Frege
Antiochus of Ascalon,Edmund Husserl
Antiochus of Ascalon,Roman Ingarden
Antiochus of Ascalon,G. E. Moore
Antiochus of Ascalon,Josiah Royce
Antiochus of Ascalon,Leo Strauss
Antiochus of Ascalon,Eduard Zeller
Antiochus of Ascalon,Jonathan Barnes
Antiochus of Ascalon,Roderick Chisholm
Antiochus of Ascalon,Alonzo Church
Antiochus of Ascalon,Michael Dummett
Antiochus of Ascalon,Peter van Inwagen
Antiochus of Ascalon,David Kaplan
Antiochus of Ascalon,Saul Kripke
Antiochus of Ascalon,Alvin Plantinga
Antiochus of Ascalon,Nicholas Wolterstorff
Antiochus of Ascalon,Crispin Wright
Antiochus of Ascalon,Edward N. Zalta
Antiphon,Alcibiades
Antiphon,Callicles
Antiphon,Gorgias
Antiphon,Hippias
Antiphon,Isocrates
Antiphon,Plato
Antiphon,Socrates
Antiphon,Thrasymachus
Antiphon,Thucydides
Antiphon,Xenophon
Antiphon,Philostratus
Antiphon,Paul Woodruff
Antisthenes,Aenesidemus
Antisthenes,Alcibiades
Antisthenes,Anaxagoras
Antisthenes,Anaximander
Antisthenes,Anniceris
Antisthenes,Arcesilaus
Antisthenes,Archytas
Antisthenes,Aristotle
Antisthenes,Callicles
Antisthenes,Carneades
Antisthenes,Chrysippus
Antisthenes,Cicero
Antisthenes,Cleanthes
Antisthenes,Cleobulus
Antisthenes,Democritus
Antisthenes,Diodorus Cronus
Antisthenes,Empedocles
Antisthenes,Epicurus
Antisthenes,Epimenides
Antisthenes,Euclid of Megara
Antisthenes,Gorgias
Antisthenes,Hegesias of Cyrene
Antisthenes,Hippasus
Antisthenes,Hippias
Antisthenes,Leucippus
Antisthenes,Lucretius
Antisthenes,Menedemus
Antisthenes,Metrocles
Antisthenes,Metrodorus of Lampsacus
Antisthenes,Panaetius
Antisthenes,Parmenides
Antisthenes,Philo of Larissa
Antisthenes,Plato
Antisthenes,Posidonius
Antisthenes,Prodicus
Antisthenes,Protagoras
Antisthenes,Pyrrho
Antisthenes,Pythagoras
Antisthenes,Socrates
Antisthenes,Speusippus
Antisthenes,Stilpo
Antisthenes,Strato of Lampsacus
Antisthenes,Thales
Antisthenes,Theano
Antisthenes,Theophrastus
Antisthenes,Thrasymachus
Antisthenes,Thucydides
Antisthenes,Timon of Phlius
Antisthenes,Xenocrates
Antisthenes,Xenophon
Antisthenes,Zeno of Citium
Antisthenes,Zeno of Sidon
Antisthenes,Alcinous
Antisthenes,Alexander of Aphrodisias
Antisthenes,Ammonius Hermiae
Antisthenes,Ammonius Saccas
Antisthenes,Apollonius of Tyana
Antisthenes,Apuleius
Antisthenes,Marcus Aurelius
Antisthenes,Clement of Alexandria
Antisthenes,Damascius
Antisthenes,Diogenes of Oenoanda
Antisthenes,Epictetus
Antisthenes,Favorinus
Antisthenes,Galen
Antisthenes,Iamblichus
Antisthenes,Lucian
Antisthenes,Lucius Annaeus Cornutus
Antisthenes,Numenius of Apamea
Antisthenes,Philostratus
Antisthenes,Plotinus
Antisthenes,Porphyry
Antisthenes,Proclus
Antisthenes,Sextus Empiricus
Antisthenes,Syrianus
Arcesilaus,Aenesidemus
Arcesilaus,Aristo of Chios
Arcesilaus,Aristotle
Arcesilaus,Carneades
Arcesilaus,Cicero
Arcesilaus,Cleanthes
Arcesilaus,Clitomachus
Arcesilaus,Crantor
Arcesilaus,Heraclides Ponticus
Arcesilaus,Menedemus
Arcesilaus,Metrodorus of Stratonicea
Arcesilaus,Philo of Larissa
Arcesilaus,Plato
Arcesilaus,Pyrrho
Arcesilaus,Speusippus
Arcesilaus,Theophrastus
Arcesilaus,Timon of Phlius
Arcesilaus,Xenocrates
Arcesilaus,Zeno of Citium
Arcesilaus,Aedesius
Arcesilaus,Albinus
Arcesilaus,Alcinous
Arcesilaus,Ammonius Hermiae
Arcesilaus,Ammonius Saccas
Arcesilaus,Apuleius
Arcesilaus,Arius
Arcesilaus,Marcus Aurelius
Arcesilaus,Calcidius
Arcesilaus,Chrysanthius
Arcesilaus,Clement of Alexandria
Arcesilaus,Damascius
Arcesilaus,David the Invincible
Arcesilaus,Eusebius of Caesarea
Arcesilaus,Al-Farabi
Arcesilaus,Iamblichus
Arcesilaus,Longinus
Arcesilaus,Gaius Marius Victorinus
Arcesilaus,Numenius of Apamea
Arcesilaus,Plotinus
Arcesilaus,Porphyry
Arcesilaus,Proclus
Arcesilaus,Pseudo-Dionysius the Areopagite
Arcesilaus,Sextus Empiricus
Arcesilaus,Syrianus
Arcesilaus,Anselm
Arcesilaus,Bonaventure
Arcesilaus,Henry of Ghent
Arcesilaus,Meister Eckhart
Arcesilaus,Paul of Venice
Arcesilaus,Theodoric of Freiberg
Arcesilaus,Giordano Bruno
Arcesilaus,Marsilio Ficino
Arcesilaus,Giovanni Pico della Mirandola
Arcesilaus,Ralph Cudworth
Arcesilaus,Henry More
Arcesilaus,Blaise Pascal
Arcesilaus,Emanuel Swedenborg
Arcesilaus,Bernard Bolzano
Arcesilaus,David Hume
Arcesilaus,Henri Bergson
Arcesilaus,Ralph Waldo Emerson
Arcesilaus,Gottlob Frege
Arcesilaus,Edmund Husserl
Arcesilaus,Roman Ingarden
Arcesilaus,G. E. Moore
Arcesilaus,Josiah Royce
Arcesilaus,Leo Strauss
Arcesilaus,Roderick Chisholm
Arcesilaus,Alonzo Church
Arcesilaus,Michael Dummett
Arcesilaus,Robert Fogelin
Arcesilaus,Peter van Inwagen
Arcesilaus,David Kaplan
Arcesilaus,Saul Kripke
Arcesilaus,Benson Mates
Arcesilaus,Alvin Plantinga
Arcesilaus,David Sedley
Arcesilaus,Nicholas Wolterstorff
Arcesilaus,Crispin Wright
Arcesilaus,Edward N. Zalta
Archimedes,Anaxagoras
Archimedes,Archytas
Archimedes,Aristotle
Archimedes,Chrysippus
Archimedes,Cicero
Archimedes,Democritus
Archimedes,Eudoxus of Cnidus
Archimedes,Geminus
Archimedes,Hippasus
Archimedes,Hippias
Archimedes,Hippocrates
Archimedes,Plato
Archimedes,Posidonius
Archimedes,Pythagoras
Archimedes,Thales
Archimedes,Xenocrates
Archimedes,Zeno of Elea
Archimedes,Zeno of Sidon
Archimedes,Apuleius
Archimedes,Arius
Archimedes,Cleomedes
Archimedes,Galen
Archimedes,Lucian
Archimedes,Porphyry
Archimedes,Proclus
Archimedes,Ptolemy
Archimedes,Gerard of Cremona
Archimedes,William of Moerbeke
Archimedes,Galileo Galilei
Archimedes,Christiaan Huygens
Archimedes,Gotthold Ephraim Lessing
Archimedes,Alfred North Whitehead
Archytas,Aenesidemus
Archytas,Anaxagoras
Archytas,Anaximander
Archytas,Anniceris
Archytas,Antisthenes
Archytas,Arcesilaus
Archytas,Archimedes
Archytas,Aristotle
Archytas,Callicles
Archytas,Carneades
Archytas,Chrysippus
Archytas,Cicero
Archytas,Cleanthes
Archytas,Cleobulus
Archytas,Democritus
Archytas,Diodorus Cronus
Archytas,Empedocles
Archytas,Epicurus
Archytas,Epimenides
Archytas,Euclid of Megara
Archytas,Eudoxus of Cnidus
Archytas,Geminus
Archytas,Gorgias
Archytas,Hegesias of Cyrene
Archytas,Hippasus
Archytas,Hippias
Archytas,Hippocrates
Archytas,Leucippus
Archytas,Lucretius
Archytas,Menedemus
Archytas,Metrodorus of Lampsacus
Archytas,Panaetius
Archytas,Parmenides
Archytas,Philo of Larissa
Archytas,Plato
Archytas,Posidonius
Archytas,Prodicus
Archytas,Protagoras
Archytas,Pyrrho
Archytas,Pythagoras
Archytas,Socrates
Archytas,Speusippus
Archytas,Stilpo
Archytas,Strato of Lampsacus
Archytas,Thales
Archytas,Theano
Archytas,Theophrastus
Archytas,Thrasymachus
Archytas,Timon of Phlius
Archytas,Xenocrates
Archytas,Xenophon
Archytas,Zeno of Citium
Archytas,Zeno of Elea
Archytas,Zeno of Sidon
Archytas,Alcinous
Archytas,Alexander of Aphrodisias
Archytas,Ammonius Hermiae
Archytas,Ammonius Saccas
Archytas,Apollonius of Tyana
Archytas,Apuleius
Archytas,Marcus Aurelius
Archytas,Cleomedes
Archytas,Damascius
Archytas,Diogenes of Oenoanda
Archytas,Epictetus
Archytas,Favorinus
Archytas,Galen
Archytas,Iamblichus
Archytas,Lucian
Archytas,Lucius Annaeus Cornutus
Archytas,Numenius of Apamea
Archytas,Philostratus
Archytas,Plotinus
Archytas,Porphyry
Archytas,Proclus
Archytas,Ptolemy
Archytas,Sextus Empiricus
Archytas,Syrianus
Archytas,Debra Nails
Archytas,Heinrich von Staden
Aristippus the Elder of Cyrene,Aristotle
Aristippus the Elder of Cyrene,Ajita Kesakambali
Aristippus the Elder of Cyrene,Epicurus
Aristippus the Elder of Cyrene,Lucretius
Aristippus the Elder of Cyrene,Metrodorus of Lampsacus
Aristippus the Elder of Cyrene,Panaetius
Aristippus the Elder of Cyrene,Plato
Aristippus the Elder of Cyrene,Socrates
Aristippus the Elder of Cyrene,Theophrastus
Aristippus the Elder of Cyrene,Xenophon
Aristippus the Elder of Cyrene,Zeno of Sidon
Aristippus the Elder of Cyrene,Pierre Gassendi
Aristippus the Elder of Cyrene,Jeremy Bentham
Aristippus the Elder of Cyrene,Julien Offray de La Mettrie
Aristippus the Elder of Cyrene,John Stuart Mill
Aristippus the Elder of Cyrene,Fred Feldman
Aristippus the Elder of Cyrene,Debra Nails
Aristippus the Elder of Cyrene,Michel Onfray
Aristippus the Elder of Cyrene,Peter Singer
Aristo of Chios,Arcesilaus
Aristo of Chios,Chrysippus
Aristo of Chios,Cicero
Aristo of Chios,Cleanthes
Aristo of Chios,Panaetius
Aristo of Chios,Plato
Aristo of Chios,Posidonius
Aristo of Chios,Pyrrho
Aristo of Chios,Seneca the Younger
Aristo of Chios,Zeno of Citium
Aristo of Chios,Marcus Aurelius
Aristo of Chios,Epictetus
Aristo of Chios,Sextus Empiricus
Aristo of Chios,Anselm
Aristotle,Anaxagoras
Aristotle,Anaximander
Aristotle,Andronicus of Rhodes
Aristotle,Antiphon
Aristotle,Antisthenes
Aristotle,Archimedes
Aristotle,Aristoxenus
Aristotle,Chanakya
Aristotle,Chrysippus
Aristotle,Cicero
Aristotle,Confucius
Aristotle,Democritus
Aristotle,Empedocles
Aristotle,Epicurus
Aristotle,Gorgias
Aristotle,Han Fei
Aristotle,Isocrates
Aristotle,Leucippus
Aristotle,Lucretius
Aristotle,Mencius
Aristotle,Mozi
Aristotle,Parmenides
Aristotle,Plato
Aristotle,Protagoras
Aristotle,Pythagoras
Aristotle,Socrates
Aristotle,Solomon
Aristotle,Speusippus
Aristotle,Strato of Lampsacus
Aristotle,Sun Tzu
Aristotle,Thales
Aristotle,Theophrastus
Aristotle,Thucydides
Aristotle,Xenocrates
Aristotle,Xenophon
Aristotle,Alexander of Aphrodisias
Aristotle,Aristides
Aristotle,Aspasius
Aristotle,Avicenna
Aristotle,Elias
Aristotle,Al-Farabi
Aristotle,Galen
Aristotle,Al-Kindi
Aristotle,Longinus
Aristotle,Lucian
Aristotle,Plotinus
Aristotle,Porphyry
Aristotle,Proclus
Aristotle,Ptolemy
Aristotle,Themistius
Aristotle,Valluvar
Aristotle,Al-Ghazali
Aristotle,Albertus Magnus
Aristotle,Averroes
Aristotle,Duns Scotus
Aristotle,Gerard of Cremona
Aristotle,Ibn Khaldun
Aristotle,Jean Buridan
Aristotle,Moses Maimonides
Aristotle,Peter Lombard
Aristotle,Peter of Spain
Aristotle,Samuel Ibn Tibbon
Aristotle,Thomas Aquinas
Aristotle,William of Moerbeke
Aristotle,Andrea Cesalpino
Aristotle,Galileo Galilei
Aristotle,Pietro Pomponazzi
Aristotle,Jacopo Zabarella
Aristotle,John Ray
Aristotle,Voltaire
Aristotle,Jean-Baptiste Lamarck
Aristotle,Carl Linnaeus
Aristotle,Adam Smith
Aristotle,George Boole
Aristotle,Charles Darwin
Aristotle,Ernst Haeckel
Aristotle,Bertrand Russell
Aristotle,Alfred Russel Wallace
Aristotle,Jonathan Barnes
Aristotle,Allan Gotthelf
Aristotle,Bryan Magee
Aristotle,Ernst Mayr
Aristotle,Ayn Rand
Aristotle,Christopher Shields
Aristotle,Jonathan Wolff
Aristoxenus,Andronicus of Rhodes
Aristoxenus,Archytas
Aristoxenus,Aristotle
Aristoxenus,Cicero
Aristoxenus,Plato
Aristoxenus,Pythagoras
Aristoxenus,Socrates
Aristoxenus,Strato of Lampsacus
Aristoxenus,Theophrastus
Aristoxenus,Alexander of Aphrodisias
Aristoxenus,Aspasius
Aristoxenus,Porphyry
Aristoxenus,Ptolemy
Aristoxenus,Themistius
Asclepiades of Bithynia,Antiochus of Ascalon
Asclepiades of Bithynia,Democritus
Asclepiades of Bithynia,Epicurus
Asclepiades of Bithynia,Hippocrates
Asclepiades of Bithynia,Galen
Asclepiades of Bithynia,Sextus Empiricus
Ajita Kesakambali,Epicurus
Ajita Kesakambali,Lucretius
Ajita Kesakambali,Mahavira
Ajita Kesakambali,Makkhali Gosala
Ajita Kesakambali,Metrodorus of Lampsacus
Ajita Kesakambali,Plato
Ajita Kesakambali,Purana Kassapa
Ajita Kesakambali,Pakudha Kaccayana
Ajita Kesakambali,Zeno of Sidon
Ajita Kesakambali,Pierre Gassendi
Ajita Kesakambali,Jeremy Bentham
Ajita Kesakambali,Julien Offray de La Mettrie
Ajita Kesakambali,John Stuart Mill
Ajita Kesakambali,Fred Feldman
Ajita Kesakambali,Michel Onfray
Ajita Kesakambali,Peter Singer
Ashvapati,Agastya
Ashvapati,Chanakya
Ashvapati,Confucius
Ashvapati,Dirghatamas
Ashvapati,Dong Zhongshu
Ashvapati,Gaozi
Ashvapati,Gongsun Longzi
Ashvapati,Guan Zhong
Ashvapati,Han Fei
Ashvapati,Hui Shi
Ashvapati,Jaimini
Ashvapati,Kapila
Ashvapati,Kanada
Ashvapati,Lopamudra
Ashvapati,Liezi
Ashvapati,Mahavira
Ashvapati,Makkhali Gosala
Ashvapati,Mencius
Ashvapati,Mozi
Ashvapati,Parshvanatha
Ashvapati,Parshva
Ashvapati,Pingala
Ashvapati,Plato
Ashvapati,Pyrrho
Ashvapati,Shang Yang
Ashvapati,Shen Buhai
Ashvapati,Shen Dao
Ashvapati,Shvetashvatara
Ashvapati,Sun Tzu
Ashvapati,Vasishtha
Ashvapati,Yajnavalkya
Ashvapati,Yang Xiong
Ashvapati,Zou Yan
Ashvapati,Abhinavagupta
Ashvapati,Adi Shankara
Ashvapati,Anandavardhana
Ashvapati,Asanga
Ashvapati,Bhartrhari
Ashvapati,Bodhidharma
Ashvapati,Buddhaghosa
Ashvapati,Candrakirti
Ashvapati,Dharmakirti
Ashvapati,Fazang
Ashvapati,Gaudapadacharya
Ashvapati,Han Yu
Ashvapati,Jayanta Bhatta
Ashvapati,Kundakunda
Ashvapati,Li Ao
Ashvapati,Linji Yixuan
Ashvapati,Mazdak
Ashvapati,Nagarjuna
Ashvapati,Sengzhao
Ashvapati,Udayana
Ashvapati,Uisang
Ashvapati,Valluvar
Ashvapati,Vasubandhu
Ashvapati,Vasugupta
Ashvapati,Vatsyayana
Ashvapati,Wang Bi
Ashvapati,Zhiyi
Ashvapati,Zongmi
Ashvapati,Basaveshwara
Ashvapati,Chang Tsai
Ashvapati,Cheng Hao
Ashvapati,Cheng Yi
Ashvapati,Jinul
Ashvapati,Kabir
Ashvapati,Shri Madhvacharya
Ashvapati,Nichiren
Ashvapati,Ramanuja
Ashvapati,Shao Yung
Ashvapati,Shinran
Ashvapati,Je Tsongkhapa
Ashvapati,Zeami Motokiyo
Ashvapati,Zhu Xi
Ashvapati,Chaitanya Mahaprabhu
Ashvapati,Fujiwara Seika
Ashvapati,Richard Hooker
Ashvapati,Liu Tsung-chou
Ashvapati,Raghunatha Siromani
Ashvapati,Vallabhacharya
Ashvapati,Vyasatirtha
Ashvapati,Wang Yangming
Ashvapati,Yi Hwang
Ashvapati,Yi I
Ashvapati,Gadadhara Bhattacharya
Ashvapati,Huang Zongxi
Ashvapati,Kumazawa Banzan
Ashvapati,Wang Fuzhi
Ashvapati,Yen Yuan
Ashvapati,Motoori Norinaga
Ashvapati,Tominaga Nakamoto
Ashvapati,Sri Aurobindo
Ashvapati,Ch'ien Mu
Ashvapati,Feng Youlan
Ashvapati,Mahatma Gandhi
Ashvapati,Hu Shih
Ashvapati,Kang Youwei
Ashvapati,Nishida Kitaro
Ashvapati,Jiddu Krishnamurti
Ashvapati,Liang Qichao
Ashvapati,Liu Shaoqi
Ashvapati,Mao Zedong
Ashvapati,Miki Kiyoshi
Ashvapati,Nishi Amane
Ashvapati,Sarvepalli Radhakrishnan
Ashvapati,Sun Yat-sen
Ashvapati,Debendranath Tagore
Ashvapati,Rabindranath Tagore
Ashvapati,Tanabe Hajime
Ashvapati,Watsuji Tetsuro
Ashvapati,Zhang Dongsun
Ashvapati,Pandurang Shastri Athavale
Ashvapati,Haridas Chaudhuri
Ashvapati,Bimal Krishna Matilal
Ashvapati,Jitendra Nath Mohanty
Ashvapati,Nishitani Keiji
Ashvapati,Amartya Sen
Ashvapati,Hao Wang
Ashtavakra,Agastya
Ashtavakra,Angiras
Ashtavakra,Dirghatamas
Ashtavakra,Jaimini
Ashtavakra,Kapila
Ashtavakra,Kanada
Ashtavakra,Markandeya
Ashtavakra,Parashara
Ashtavakra,Shvetashvatara
Ashtavakra,Uddalaka Aruni
Ashtavakra,Vasishtha
Ashtavakra,Yajnavalkya
Ashtavakra,Abhinavagupta
Ashtavakra,Adi Shankara
Ashtavakra,Jayanta Bhatta
Ashtavakra,Valluvar
Ashtavakra,Akka Mahadevi
Ashtavakra,Bhoja
Ashtavakra,Basava
Ashtavakra,Gangesha Upadhyaya
Ashtavakra,Kabir
Ashtavakra,Narahari Tirtha
Ashtavakra,Ramanuja
Ashtavakra,Siddheshwar
Ashtavakra,Vedanta Desika
Ashtavakra,Raghunatha Siromani
Titus Pomponius Atticus,Cicero
Titus Pomponius Atticus,Plato
Titus Pomponius Atticus,Arius
Titus Pomponius Atticus,Lucian
BÄdarÄyaÅa,Agastya
BÄdarÄyaÅa,Angiras
BÄdarÄyaÅa,Ashtavakra
BÄdarÄyaÅa,Jaimini
BÄdarÄyaÅa,Kapila
BÄdarÄyaÅa,Kanada
BÄdarÄyaÅa,Markandeya
BÄdarÄyaÅa,Shvetashvatara
BÄdarÄyaÅa,Yajnavalkya
BÄdarÄyaÅa,Abhinavagupta
BÄdarÄyaÅa,Adi Shankara
BÄdarÄyaÅa,Jayanta Bhatta
BÄdarÄyaÅa,Valluvar
BÄdarÄyaÅa,Akka Mahadevi
BÄdarÄyaÅa,Basava
BÄdarÄyaÅa,Gangesha Upadhyaya
BÄdarÄyaÅa,Kabir
BÄdarÄyaÅa,Narahari Tirtha
BÄdarÄyaÅa,Ramanuja
BÄdarÄyaÅa,Siddheshwar
BÄdarÄyaÅa,Vedanta Desika
BÄdarÄyaÅa,Raghunatha Siromani
Gautama Buddha,Confucius
Gautama Buddha,Ghosha
Gautama Buddha,Kapila
Gautama Buddha,Li Si
Gautama Buddha,Mahavira
Gautama Buddha,Nagasena
Gautama Buddha,Pyrrho
Gautama Buddha,Asanga
Gautama Buddha,Bodhidharma
Gautama Buddha,Buddhaghosa
Gautama Buddha,Ibn Hazm
Gautama Buddha,Nagarjuna
Gautama Buddha,Vasubandhu
Gautama Buddha,Zhiyi
Gautama Buddha,Khana
Gautama Buddha,Naropa
Gautama Buddha,Nichiren
Gautama Buddha,Shinran
Gautama Buddha,B. R. Ambedkar
Gautama Buddha,Johannes Bronkhorst
Gautama Buddha,Michael Oakeshott
Callicles,Antiphon
Callicles,Gorgias
Callicles,Hippias
Callicles,Plato
Callicles,Prodicus
Callicles,Protagoras
Callicles,Socrates
Callicles,Thrasymachus
Callicles,Friedrich Nietzsche
Carneades,Aenesidemus
Carneades,Arcesilaus
Carneades,Aristotle
Carneades,Chrysippus
Carneades,Cicero
Carneades,Clitomachus
Carneades,Crantor
Carneades,Heraclides Ponticus
Carneades,Menedemus
Carneades,Metrodorus of Stratonicea
Carneades,Philo of Larissa
Carneades,Plato
Carneades,Pyrrho
Carneades,Socrates
Carneades,Speusippus
Carneades,Xenocrates
Carneades,Aedesius
Carneades,Albinus
Carneades,Alcinous
Carneades,Ammonius Hermiae
Carneades,Ammonius Saccas
Carneades,Apuleius
Carneades,Arius
Carneades,Calcidius
Carneades,Chrysanthius
Carneades,Clement of Alexandria
Carneades,Damascius
Carneades,David the Invincible
Carneades,Al-Farabi
Carneades,Iamblichus
Carneades,Longinus
Carneades,Gaius Marius Victorinus
Carneades,Numenius of Apamea
Carneades,Plotinus
Carneades,Porphyry
Carneades,Proclus
Carneades,Pseudo-Dionysius the Areopagite
Carneades,Sextus Empiricus
Carneades,Syrianus
Carneades,Anselm
Carneades,Bonaventure
Carneades,Henry of Ghent
Carneades,Meister Eckhart
Carneades,Paul of Venice
Carneades,Theodoric of Freiberg
Carneades,Giordano Bruno
Carneades,Marsilio Ficino
Carneades,Giovanni Pico della Mirandola
Carneades,Ralph Cudworth
Carneades,Henry More
Carneades,Blaise Pascal
Carneades,Emanuel Swedenborg
Carneades,Bernard Bolzano
Carneades,David Hume
Carneades,Henri Bergson
Carneades,Ralph Waldo Emerson
Carneades,Gottlob Frege
Carneades,Edmund Husserl
Carneades,Roman Ingarden
Carneades,G. E. Moore
Carneades,Josiah Royce
Carneades,Leo Strauss
Carneades,Roderick Chisholm
Carneades,Alonzo Church
Carneades,Michael Dummett
Carneades,Peter van Inwagen
Carneades,David Kaplan
Carneades,Saul Kripke
Carneades,Alvin Plantinga
Carneades,Nicholas Wolterstorff
Carneades,Crispin Wright
Carneades,Edward N. Zalta
CÄrvÄka,Ajita Kesakambali
CÄrvÄka,Gautama Buddha
CÄrvÄka,Chanakya
CÄrvÄka,Epicurus
CÄrvÄka,Jaimini
CÄrvÄka,Kapila
CÄrvÄka,Kanada
CÄrvÄka,Lucretius
CÄrvÄka,Mahavira
CÄrvÄka,Maitreyi
CÄrvÄka,Metrodorus of Lampsacus
CÄrvÄka,Parshvanatha
CÄrvÄka,Parshva
CÄrvÄka,Plato
CÄrvÄka,Pyrrho
CÄrvÄka,Uddalaka Aruni
CÄrvÄka,Zeno of Sidon
CÄrvÄka,Abhinavagupta
CÄrvÄka,Adi Shankara
CÄrvÄka,Buddhaghosa
CÄrvÄka,Dharmakirti
CÄrvÄka,Jayanta Bhatta
CÄrvÄka,Nagarjuna
CÄrvÄka,Valluvar
CÄrvÄka,Vasubandhu
CÄrvÄka,Jayatirtha
CÄrvÄka,Ramanuja
CÄrvÄka,Vedanta Desika
CÄrvÄka,Chaitanya Mahaprabhu
CÄrvÄka,Pierre Gassendi
CÄrvÄka,Raghunatha Siromani
CÄrvÄka,Vyasatirtha
CÄrvÄka,Jeremy Bentham
CÄrvÄka,Denis Diderot
CÄrvÄka,Baron d'Holbach
CÄrvÄka,Julien Offray de La Mettrie
CÄrvÄka,Mikhail Bakunin
CÄrvÄka,Ludwig Feuerbach
CÄrvÄka,Karl Marx
CÄrvÄka,John Stuart Mill
CÄrvÄka,Friedrich Nietzsche
CÄrvÄka,Bertrand Russell
CÄrvÄka,Peter Adamson
CÄrvÄka,Julian Baggini
CÄrvÄka,Mario Bunge
CÄrvÄka,Albert Camus
CÄrvÄka,Debiprasad Chattopadhyaya
CÄrvÄka,Daniel Dennett
CÄrvÄka,Fred Feldman
CÄrvÄka,A. C. Grayling
CÄrvÄka,Sam Harris
CÄrvÄka,Christopher Hitchens
CÄrvÄka,Michael Lou Martin
CÄrvÄka,Michel Onfray
CÄrvÄka,Peter Singer
Cebes of Thebes,Plato
Cebes of Thebes,Socrates
Cebes of Thebes,Xenophon
Cebes of Thebes,Epictetus
Cebes of Thebes,Lucian
Cebes of Thebes,Eduard Zeller
Cebes of Thebes,Debra Nails
Chaerephon,Cebes of Thebes
Chaerephon,Gorgias
Chaerephon,Plato
Chaerephon,Socrates
Chaerephon,Xenophon
Chaerephon,W. K. C. Guthrie
Chaerephon,Debra Nails
Chaerephon,Gregory Vlastos
Chanakya,Aristotle
Chanakya,Gautama Buddha
Chanakya,Cicero
Chanakya,Confucius
Chanakya,Han Fei
Chanakya,Jaimini
Chanakya,Kapila
Chanakya,Kanada
Chanakya,Mahavira
Chanakya,Mencius
Chanakya,Mozi
Chanakya,Plato
Chanakya,Sun Tzu
Chanakya,Thucydides
Chanakya,Uddalaka Aruni
Chanakya,Xenophon
Chanakya,Abhinavagupta
Chanakya,Adi Shankara
Chanakya,Buddhaghosa
Chanakya,Dharmakirti
Chanakya,Al-Farabi
Chanakya,Nagarjuna
Chanakya,Valluvar
Chanakya,Vasubandhu
Chanakya,Al-Ghazali
Chanakya,Averroes
Chanakya,Hemachandra
Chanakya,Ibn Khaldun
Chanakya,Ramanuja
Chanakya,Vedanta Desika
Chanakya,Voltaire
Chao Cuo,Shang Yang
Chao Cuo,Shen Buhai
Chia Yi,Chao Cuo
Chia Yi,Confucius
Chia Yi,Deng Xi
Chia Yi,Dong Zhongshu
Chia Yi,Gaozi
Chia Yi,Guan Zhong
Chia Yi,Han Fei
Chia Yi,Hui Shi
Chia Yi,Li Kui
Chia Yi,Li Si
Chia Yi,Mencius
Chia Yi,Mozi
Chia Yi,Shang Yang
Chia Yi,Shen Buhai
Chia Yi,Shen Dao
Chia Yi,Sun Tzu
Chia Yi,Su Qin
Chia Yi,Yang Xiong
Chia Yi,Zhang Yi
Chia Yi,Zichan
Chia Yi,Zisi
Chia Yi,Zou Yan
Chia Yi,Han Yu
Chia Yi,Li Ao
Chia Yi,Linji Yixuan
Chia Yi,Sengzhao
Chia Yi,Wang Bi
Chia Yi,Cheng Hao
Chia Yi,Cheng Yi
Chia Yi,Zhu Xi
Chia Yi,Wang Yangming
Chia Yi,Huang Zongxi
Chia Yi,Wang Fuzhi
Chia Yi,Cai Yuanpei
Chia Yi,Ch'ien Mu
Chia Yi,Feng Youlan
Chia Yi,Hu Shih
Chia Yi,Kang Youwei
Chia Yi,Liang Qichao
Chia Yi,Mao Zedong
Chia Yi,Sun Yat-sen
Chia Yi,Zhang Dongsun
Chia Yi,Mou Zongsan
Chia Yi,Qiu Renzong
Chia Yi,Tsang Lap Chuen
Chia Yi,Zhou Guoping
Chrysippus,Anaxagoras
Chrysippus,Arcesilaus
Chrysippus,Archimedes
Chrysippus,Archytas
Chrysippus,Aristotle
Chrysippus,Cicero
Chrysippus,Cleanthes
Chrysippus,Democritus
Chrysippus,Diodorus Cronus
Chrysippus,Geminus
Chrysippus,Hippasus
Chrysippus,Hippias
Chrysippus,Hippocrates
Chrysippus,Panaetius
Chrysippus,Plato
Chrysippus,Posidonius
Chrysippus,Pyrrho
Chrysippus,Pythagoras
Chrysippus,Socrates
Chrysippus,Thales
Chrysippus,Theophrastus
Chrysippus,Xenocrates
Chrysippus,Zeno of Citium
Chrysippus,Zeno of Elea
Chrysippus,Zeno of Sidon
Chrysippus,Zeno of Tarsus
Chrysippus,Marcus Aurelius
Chrysippus,Clement of Alexandria
Chrysippus,Cleomedes
Chrysippus,Epictetus
Chrysippus,Galen
Chrysippus,Iamblichus
Chrysippus,Lucian
Chrysippus,Porphyry
Chrysippus,Proclus
Chrysippus,Ptolemy
Chrysippus,Sextus Empiricus
Chrysippus,Syrianus
Chrysippus,Anselm
Chrysippus,Susanne Bobzien
Chrysippus,J. O. Urmson
Cicero,Alcibiades
Cicero,Antiochus of Ascalon
Cicero,Antiphon
Cicero,Arcesilaus
Cicero,Archimedes
Cicero,Aristotle
Cicero,Titus Pomponius Atticus
Cicero,Carneades
Cicero,Chanakya
Cicero,Clitomachus
Cicero,Confucius
Cicero,Crantor
Cicero,Gorgias
Cicero,Han Fei
Cicero,Heraclides Ponticus
Cicero,Hicetas
Cicero,Isocrates
Cicero,Lucretius
Cicero,Mencius
Cicero,Menedemus
Cicero,Metrodorus of Stratonicea
Cicero,Mozi
Cicero,Philo of Larissa
Cicero,Plato
Cicero,Protagoras
Cicero,Seneca the Younger
Cicero,Socrates
Cicero,Speusippus
Cicero,Sun Tzu
Cicero,Thucydides
Cicero,Xenocrates
Cicero,Xenophon
Cicero,Aedesius
Cicero,Albinus
Cicero,Alcinous
Cicero,Ambrose
Cicero,Ammonius Hermiae
Cicero,Ammonius Saccas
Cicero,Apuleius
Cicero,Aristides
Cicero,Arius
Cicero,Augustine of Hippo
Cicero,Marcus Aurelius
Cicero,Calcidius
Cicero,Chrysanthius
Cicero,Clement of Alexandria
Cicero,Damascius
Cicero,David the Invincible
Cicero,Al-Farabi
Cicero,Galen
Cicero,Pope Gregory I
Cicero,Iamblichus
Cicero,Longinus
Cicero,Lucian
Cicero,Gaius Marius Victorinus
Cicero,Numenius of Apamea
Cicero,Philostratus
Cicero,Plotinus
Cicero,Porphyry
Cicero,Proclus
Cicero,Pseudo-Dionysius the Areopagite
Cicero,Simplicius of Cilicia
Cicero,Syrianus
Cicero,Tertullian
Cicero,Themistius
Cicero,Valluvar
Cicero,Al-Ghazali
Cicero,Anselm
Cicero,Averroes
Cicero,Bonaventure
Cicero,Dante Alighieri
Cicero,Henry of Ghent
Cicero,Ibn Khaldun
Cicero,Meister Eckhart
Cicero,Paul of Venice
Cicero,Petrarch
Cicero,Theodoric of Freiberg
Cicero,Thomas Aquinas
Cicero,Giordano Bruno
Cicero,Nicolaus Copernicus
Cicero,Desiderius Erasmus
Cicero,Marsilio Ficino
Cicero,Martin Luther
Cicero,Giovanni Pico della Mirandola
Cicero,Ralph Cudworth
Cicero,John Locke
Cicero,Henry More
Cicero,Blaise Pascal
Cicero,Emanuel Swedenborg
Cicero,Voltaire
Cicero,John Adams
Cicero,Bernard Bolzano
Cicero,Edmund Burke
Cicero,David Hume
Cicero,Thomas Jefferson
Cicero,Henri Bergson
Cicero,Ralph Waldo Emerson
Cicero,Friedrich Engels
Cicero,Gottlob Frege
Cicero,Edmund Husserl
Cicero,Roman Ingarden
Cicero,G. E. Moore
Cicero,Josiah Royce
Cicero,Leo Strauss
Cicero,Roderick Chisholm
Cicero,Alonzo Church
Cicero,Michael Dummett
Cicero,Peter van Inwagen
Cicero,David Kaplan
Cicero,Saul Kripke
Cicero,Alvin Plantinga
Cicero,Nicholas Wolterstorff
Cicero,Crispin Wright
Cicero,Edward N. Zalta
Cleanthes,Chrysippus
Cleanthes,Cicero
Cleanthes,Panaetius
Cleanthes,Posidonius
Cleanthes,Zeno of Citium
Cleanthes,Marcus Aurelius
Cleanthes,Epictetus
Cleanthes,Lucian
Cleanthes,Anselm
Cleanthes,David Hume
Cleobulus,Thales
Cleobulus,Clement of Alexandria
Clitomachus,Aenesidemus
Clitomachus,Arcesilaus
Clitomachus,Aristotle
Clitomachus,Carneades
Clitomachus,Cicero
Clitomachus,Crantor
Clitomachus,Heraclides Ponticus
Clitomachus,Menedemus
Clitomachus,Metrodorus of Stratonicea
Clitomachus,Philo of Larissa
Clitomachus,Plato
Clitomachus,Pyrrho
Clitomachus,Speusippus
Clitomachus,Xenocrates
Clitomachus,Aedesius
Clitomachus,Albinus
Clitomachus,Alcinous
Clitomachus,Ammonius Hermiae
Clitomachus,Ammonius Saccas
Clitomachus,Apuleius
Clitomachus,Arius
Clitomachus,Calcidius
Clitomachus,Chrysanthius
Clitomachus,Clement of Alexandria
Clitomachus,Damascius
Clitomachus,David the Invincible
Clitomachus,Al-Farabi
Clitomachus,Iamblichus
Clitomachus,Longinus
Clitomachus,Gaius Marius Victorinus
Clitomachus,Numenius of Apamea
Clitomachus,Plotinus
Clitomachus,Porphyry
Clitomachus,Proclus
Clitomachus,Pseudo-Dionysius the Areopagite
Clitomachus,Sextus Empiricus
Clitomachus,Syrianus
Clitomachus,Anselm
Clitomachus,Bonaventure
Clitomachus,Henry of Ghent
Clitomachus,Meister Eckhart
Clitomachus,Paul of Venice
Clitomachus,Theodoric of Freiberg
Clitomachus,Giordano Bruno
Clitomachus,Marsilio Ficino
Clitomachus,Giovanni Pico della Mirandola
Clitomachus,Ralph Cudworth
Clitomachus,Henry More
Clitomachus,Blaise Pascal
Clitomachus,Emanuel Swedenborg
Clitomachus,Bernard Bolzano
Clitomachus,David Hume
Clitomachus,Henri Bergson
Clitomachus,Ralph Waldo Emerson
Clitomachus,Gottlob Frege
Clitomachus,Edmund Husserl
Clitomachus,Roman Ingarden
Clitomachus,G. E. Moore
Clitomachus,Josiah Royce
Clitomachus,Leo Strauss
Clitomachus,Roderick Chisholm
Clitomachus,Alonzo Church
Clitomachus,Michael Dummett
Clitomachus,Peter van Inwagen
Clitomachus,David Kaplan
Clitomachus,Saul Kripke
Clitomachus,Alvin Plantinga
Clitomachus,Nicholas Wolterstorff
Clitomachus,Crispin Wright
Clitomachus,Edward N. Zalta
Confucius,Aristotle
Confucius,Chanakya
Confucius,Chrysippus
Confucius,Cicero
Confucius,Deng Xi
Confucius,Dong Zhongshu
Confucius,Gaozi
Confucius,Gorgias
Confucius,Guan Zhong
Confucius,Han Fei
Confucius,Hui Shi
Confucius,Li Kui
Confucius,Li Si
Confucius,Mencius
Confucius,Mozi
Confucius,Plato
Confucius,Shang Yang
Confucius,Shen Buhai
Confucius,Shen Dao
Confucius,Socrates
Confucius,Sun Tzu
Confucius,Su Qin
Confucius,Thucydides
Confucius,Xenophon
Confucius,Yang Xiong
Confucius,Zengzi
Confucius,Zhang Yi
Confucius,Zichan
Confucius,Zisi
Confucius,Zou Yan
Confucius,Al-Farabi
Confucius,Han Yu
Confucius,Li Ao
Confucius,Linji Yixuan
Confucius,Sengzhao
Confucius,Tertullian
Confucius,Valluvar
Confucius,Wang Bi
Confucius,Al-Ghazali
Confucius,Averroes
Confucius,Cheng Hao
Confucius,Cheng Yi
Confucius,Ibn Khaldun
Confucius,Zhu Xi
Confucius,Wang Yangming
Confucius,Huang Zongxi
Confucius,Voltaire
Confucius,Wang Fuzhi
Confucius,Christian Wolff
Confucius,Benjamin Franklin
Confucius,Thomas Jefferson
Confucius,Friedrich Schiller
Confucius,Niels Bohr
Confucius,Cai Yuanpei
Confucius,Ch'ien Mu
Confucius,Feng Youlan
Confucius,Hu Shih
Confucius,Kang Youwei
Confucius,Liang Qichao
Confucius,Mao Zedong
Confucius,Sun Yat-sen
Confucius,Zhang Dongsun
Confucius,Mou Zongsan
Confucius,Robert Cummings Neville
Confucius,Qiu Renzong
Confucius,Tsang Lap Chuen
Confucius,Zhou Guoping
Crantor,Arcesilaus
Crantor,Aristotle
Crantor,Carneades
Crantor,Chrysippus
Crantor,Cicero
Crantor,Clitomachus
Crantor,Heraclides Ponticus
Crantor,Menedemus
Crantor,Metrodorus of Stratonicea
Crantor,Panaetius
Crantor,Philo of Larissa
Crantor,Plato
Crantor,Speusippus
Crantor,Xenocrates
Crantor,Aedesius
Crantor,Albinus
Crantor,Alcinous
Crantor,Ammonius Hermiae
Crantor,Ammonius Saccas
Crantor,Apuleius
Crantor,Arius
Crantor,Calcidius
Crantor,Chrysanthius
Crantor,Clement of Alexandria
Crantor,Damascius
Crantor,David the Invincible
Crantor,Al-Farabi
Crantor,Iamblichus
Crantor,Longinus
Crantor,Gaius Marius Victorinus
Crantor,Numenius of Apamea
Crantor,Plotinus
Crantor,Porphyry
Crantor,Proclus
Crantor,Pseudo-Dionysius the Areopagite
Crantor,Syrianus
Crantor,Anselm
Crantor,Bonaventure
Crantor,Henry of Ghent
Crantor,Meister Eckhart
Crantor,Paul of Venice
Crantor,Theodoric of Freiberg
Crantor,Giordano Bruno
Crantor,Marsilio Ficino
Crantor,Giovanni Pico della Mirandola
Crantor,Ralph Cudworth
Crantor,Henry More
Crantor,Blaise Pascal
Crantor,Emanuel Swedenborg
Crantor,Bernard Bolzano
Crantor,Henri Bergson
Crantor,Ralph Waldo Emerson
Crantor,Gottlob Frege
Crantor,Edmund Husserl
Crantor,Roman Ingarden
Crantor,G. E. Moore
Crantor,Josiah Royce
Crantor,Leo Strauss
Crantor,Roderick Chisholm
Crantor,Alonzo Church
Crantor,Michael Dummett
Crantor,Peter van Inwagen
Crantor,David Kaplan
Crantor,Saul Kripke
Crantor,Alvin Plantinga
Crantor,Nicholas Wolterstorff
Crantor,Crispin Wright
Crantor,Edward N. Zalta
Crates of Thebes,Antisthenes
Crates of Thebes,Aristotle
Crates of Thebes,Cleanthes
Crates of Thebes,Hipparchia of Maroneia
Crates of Thebes,Menedemus
Crates of Thebes,Metrocles
Crates of Thebes,Plato
Crates of Thebes,Pyrrho
Crates of Thebes,Stilpo
Crates of Thebes,Zeno of Citium
Crates of Thebes,Apuleius
Crates of Thebes,Sextus Empiricus
Cratylus of Athens,Aenesidemus
Cratylus of Athens,Anaxagoras
Cratylus of Athens,Anaximander
Cratylus of Athens,Anniceris
Cratylus of Athens,Antisthenes
Cratylus of Athens,Arcesilaus
Cratylus of Athens,Archytas
Cratylus of Athens,Aristotle
Cratylus of Athens,Callicles
Cratylus of Athens,Carneades
Cratylus of Athens,Chrysippus
Cratylus of Athens,Cicero
Cratylus of Athens,Cleanthes
Cratylus of Athens,Cleobulus
Cratylus of Athens,Democritus
Cratylus of Athens,Diodorus Cronus
Cratylus of Athens,Empedocles
Cratylus of Athens,Epicurus
Cratylus of Athens,Epimenides
Cratylus of Athens,Euclid of Megara
Cratylus of Athens,Gorgias
Cratylus of Athens,Hegesias of Cyrene
Cratylus of Athens,Heraclitus of Ephesus
Cratylus of Athens,Hippasus
Cratylus of Athens,Hippias
Cratylus of Athens,Leucippus
Cratylus of Athens,Lucretius
Cratylus of Athens,Menedemus
Cratylus of Athens,Metrodorus of Lampsacus
Cratylus of Athens,Panaetius
Cratylus of Athens,Parmenides
Cratylus of Athens,Philo of Larissa
Cratylus of Athens,Plato
Cratylus of Athens,Posidonius
Cratylus of Athens,Prodicus
Cratylus of Athens,Protagoras
Cratylus of Athens,Pyrrho
Cratylus of Athens,Pythagoras
Cratylus of Athens,Socrates
Cratylus of Athens,Speusippus
Cratylus of Athens,Stilpo
Cratylus of Athens,Strato of Lampsacus
Cratylus of Athens,Thales
Cratylus of Athens,Theano
Cratylus of Athens,Theophrastus
Cratylus of Athens,Thrasymachus
Cratylus of Athens,Timon of Phlius
Cratylus of Athens,Xenocrates
Cratylus of Athens,Xenophon
Cratylus of Athens,Zeno of Citium
Cratylus of Athens,Zeno of Sidon
Cratylus of Athens,Alcinous
Cratylus of Athens,Alexander of Aphrodisias
Cratylus of Athens,Ammonius Hermiae
Cratylus of Athens,Ammonius Saccas
Cratylus of Athens,Apollonius of Tyana
Cratylus of Athens,Apuleius
Cratylus of Athens,Marcus Aurelius
Cratylus of Athens,Damascius
Cratylus of Athens,Diogenes of Oenoanda
Cratylus of Athens,Epictetus
Cratylus of Athens,Favorinus
Cratylus of Athens,Galen
Cratylus of Athens,Iamblichus
Cratylus of Athens,Lucian
Cratylus of Athens,Lucius Annaeus Cornutus
Cratylus of Athens,Numenius of Apamea
Cratylus of Athens,Philostratus
Cratylus of Athens,Plotinus
Cratylus of Athens,Porphyry
Cratylus of Athens,Proclus
Cratylus of Athens,Sextus Empiricus
Cratylus of Athens,Syrianus
Cratylus of Athens,Emmanuel Levinas
Cratylus of Athens,Debra Nails
Democritus,Aenesidemus
Democritus,Anaxagoras
Democritus,Anaximander
Democritus,Anniceris
Democritus,Antisthenes
Democritus,Arcesilaus
Democritus,Archimedes
Democritus,Archytas
Democritus,Aristotle
Democritus,Aristoxenus
Democritus,Callicles
Democritus,Carneades
Democritus,Chrysippus
Democritus,Cicero
Democritus,Cleanthes
Democritus,Cleobulus
Democritus,Diodorus Cronus
Democritus,Empedocles
Democritus,Epicurus
Democritus,Epimenides
Democritus,Euclid of Megara
Democritus,Eudoxus of Cnidus
Democritus,Geminus
Democritus,Gorgias
Democritus,Hegesias of Cyrene
Democritus,Heraclides Ponticus
Democritus,Hippasus
Democritus,Hippias
Democritus,Hippocrates
Democritus,Leucippus
Democritus,Lucretius
Democritus,Menedemus
Democritus,Metrodorus of Lampsacus
Democritus,Panaetius
Democritus,Parmenides
Democritus,Philo of Larissa
Democritus,Plato
Democritus,Posidonius
Democritus,Prodicus
Democritus,Protagoras
Democritus,Pyrrho
Democritus,Pythagoras
Democritus,Socrates
Democritus,Speusippus
Democritus,Stilpo
Democritus,Strato of Lampsacus
Democritus,Thales
Democritus,Theano
Democritus,Theophrastus
Democritus,Thrasymachus
Democritus,Thucydides
Democritus,Timon of Phlius
Democritus,Xenocrates
Democritus,Xenophon
Democritus,Zeno of Citium
Democritus,Zeno of Elea
Democritus,Zeno of Sidon
Democritus,Alcinous
Democritus,Alexander of Aphrodisias
Democritus,Ammonius Hermiae
Democritus,Ammonius Saccas
Democritus,Apollonius of Tyana
Democritus,Apuleius
Democritus,Marcus Aurelius
Democritus,Clement of Alexandria
Democritus,Cleomedes
Democritus,Damascius
Democritus,Diogenes of Oenoanda
Democritus,Epictetus
Democritus,Favorinus
Democritus,Galen
Democritus,Iamblichus
Democritus,Lucian
Democritus,Lucius Annaeus Cornutus
Democritus,Numenius of Apamea
Democritus,Philostratus
Democritus,Plotinus
Democritus,Porphyry
Democritus,Proclus
Democritus,Ptolemy
Democritus,Sextus Empiricus
Democritus,Syrianus
Democritus,Samuel Johnson
Dirghatamas,Agastya
Dirghatamas,Angiras
Dirghatamas,Ashtavakra
Dirghatamas,Jaimini
Dirghatamas,Kapila
Dirghatamas,Kanada
Dirghatamas,Markandeya
Dirghatamas,Parashara
Dirghatamas,Vasishtha
Dirghatamas,Yajnavalkya
Dirghatamas,Bhoja
Dirghatamas,Sri Aurobindo
Deng Xi,Confucius
Deng Xi,Han Fei
Deng Xi,Hui Shi
Deng Xi,Mozi
Deng Xi,Plato
Deng Xi,Shen Buhai
Deng Xi,Zichan
Deng Xi,Bryan W. Van Norden
Deng Xi,Edward N. Zalta
Diagoras,Alcibiades
Diagoras,Aristotle
Diagoras,Cicero
Diagoras,Democritus
Diagoras,Jennifer Michael Hecht
Dandamis,Arius
Diodorus Cronus,Aristotle
Diodorus Cronus,Chrysippus
Diodorus Cronus,Cicero
Diodorus Cronus,Cleanthes
Diodorus Cronus,Euclid of Megara
Diodorus Cronus,Philo the Dialectician
Diodorus Cronus,Plato
Diodorus Cronus,Socrates
Diodorus Cronus,Stilpo
Diodorus Cronus,Thrasymachus
Diodorus Cronus,Zeno of Citium
Diodorus Cronus,Alexander of Aphrodisias
Diodorus Cronus,Clement of Alexandria
Diodorus Cronus,Epictetus
Diodorus Cronus,Ptolemy
Diodorus Cronus,Sextus Empiricus
Diodorus Cronus,George Berkeley
Diodorus Cronus,George Grote
Diodorus Cronus,Richard Gaskin
Diodorus Cronus,Martha Kneale
Diodorus Cronus,Richard Taylor
Diogenes Apolloniates,Aenesidemus
Diogenes Apolloniates,Anaxagoras
Diogenes Apolloniates,Anaximander
Diogenes Apolloniates,Anniceris
Diogenes Apolloniates,Antisthenes
Diogenes Apolloniates,Arcesilaus
Diogenes Apolloniates,Archytas
Diogenes Apolloniates,Aristotle
Diogenes Apolloniates,Callicles
Diogenes Apolloniates,Carneades
Diogenes Apolloniates,Chrysippus
Diogenes Apolloniates,Cicero
Diogenes Apolloniates,Cleanthes
Diogenes Apolloniates,Cleobulus
Diogenes Apolloniates,Democritus
Diogenes Apolloniates,Diodorus Cronus
Diogenes Apolloniates,Empedocles
Diogenes Apolloniates,Epicurus
Diogenes Apolloniates,Epimenides
Diogenes Apolloniates,Euclid of Megara
Diogenes Apolloniates,Gorgias
Diogenes Apolloniates,Hegesias of Cyrene
Diogenes Apolloniates,Hippasus
Diogenes Apolloniates,Hippias
Diogenes Apolloniates,Hippocrates
Diogenes Apolloniates,Leucippus
Diogenes Apolloniates,Lucretius
Diogenes Apolloniates,Menedemus
Diogenes Apolloniates,Metrodorus of Lampsacus
Diogenes Apolloniates,Panaetius
Diogenes Apolloniates,Parmenides
Diogenes Apolloniates,Philo of Larissa
Diogenes Apolloniates,Plato
Diogenes Apolloniates,Posidonius
Diogenes Apolloniates,Prodicus
Diogenes Apolloniates,Protagoras
Diogenes Apolloniates,Pyrrho
Diogenes Apolloniates,Pythagoras
Diogenes Apolloniates,Socrates
Diogenes Apolloniates,Speusippus
Diogenes Apolloniates,Stilpo
Diogenes Apolloniates,Strato of Lampsacus
Diogenes Apolloniates,Thales
Diogenes Apolloniates,Theano
Diogenes Apolloniates,Theophrastus
Diogenes Apolloniates,Thrasymachus
Diogenes Apolloniates,Timon of Phlius
Diogenes Apolloniates,Xenocrates
Diogenes Apolloniates,Xenophon
Diogenes Apolloniates,Zeno of Citium
Diogenes Apolloniates,Zeno of Sidon
Diogenes Apolloniates,Alcinous
Diogenes Apolloniates,Alexander of Aphrodisias
Diogenes Apolloniates,Ammonius Hermiae
Diogenes Apolloniates,Ammonius Saccas
Diogenes Apolloniates,Apollonius of Tyana
Diogenes Apolloniates,Apuleius
Diogenes Apolloniates,Marcus Aurelius
Diogenes Apolloniates,Damascius
Diogenes Apolloniates,Diogenes of Oenoanda
Diogenes Apolloniates,Epictetus
Diogenes Apolloniates,Favorinus
Diogenes Apolloniates,Galen
Diogenes Apolloniates,Iamblichus
Diogenes Apolloniates,Lucian
Diogenes Apolloniates,Lucius Annaeus Cornutus
Diogenes Apolloniates,Numenius of Apamea
Diogenes Apolloniates,Philostratus
Diogenes Apolloniates,Plotinus
Diogenes Apolloniates,Porphyry
Diogenes Apolloniates,Proclus
Diogenes Apolloniates,Sextus Empiricus
Diogenes Apolloniates,Simplicius of Cilicia
Diogenes Apolloniates,Syrianus
Diogenes the Cynic of Sinope,Alcibiades
Diogenes the Cynic of Sinope,Antisthenes
Diogenes the Cynic of Sinope,Aristotle
Diogenes the Cynic of Sinope,Chrysippus
Diogenes the Cynic of Sinope,Cicero
Diogenes the Cynic of Sinope,Crates of Thebes
Diogenes the Cynic of Sinope,Menedemus
Diogenes the Cynic of Sinope,Metrocles
Diogenes the Cynic of Sinope,Plato
Diogenes the Cynic of Sinope,Socrates
Diogenes the Cynic of Sinope,Xenophon
Diogenes the Cynic of Sinope,Zeno of Citium
Diogenes the Cynic of Sinope,Clement of Alexandria
Diogenes the Cynic of Sinope,Epictetus
Diogenes the Cynic of Sinope,Favorinus
Diogenes the Cynic of Sinope,Lucian
Dong Zhongshu,Confucius
Dong Zhongshu,Deng Xi
Dong Zhongshu,Gaozi
Dong Zhongshu,Guan Zhong
Dong Zhongshu,Han Fei
Dong Zhongshu,Hui Shi
Dong Zhongshu,Li Kui
Dong Zhongshu,Li Si
Dong Zhongshu,Mencius
Dong Zhongshu,Mozi
Dong Zhongshu,Shang Yang
Dong Zhongshu,Shen Buhai
Dong Zhongshu,Shen Dao
Dong Zhongshu,Sun Tzu
Dong Zhongshu,Su Qin
Dong Zhongshu,Yang Xiong
Dong Zhongshu,Zhang Yi
Dong Zhongshu,Zichan
Dong Zhongshu,Zisi
Dong Zhongshu,Zou Yan
Dong Zhongshu,Han Yu
Dong Zhongshu,Li Ao
Dong Zhongshu,Linji Yixuan
Dong Zhongshu,Sengzhao
Dong Zhongshu,Wang Bi
Dong Zhongshu,Cheng Hao
Dong Zhongshu,Cheng Yi
Dong Zhongshu,Zhu Xi
Dong Zhongshu,Wang Yangming
Dong Zhongshu,Huang Zongxi
Dong Zhongshu,Wang Fuzhi
Dong Zhongshu,Cai Yuanpei
Dong Zhongshu,Ch'ien Mu
Dong Zhongshu,Feng Youlan
Dong Zhongshu,Hu Shih
Dong Zhongshu,Kang Youwei
Dong Zhongshu,Liang Qichao
Dong Zhongshu,Mao Zedong
Dong Zhongshu,Sun Yat-sen
Dong Zhongshu,Zhang Dongsun
Dong Zhongshu,Mou Zongsan
Dong Zhongshu,Qiu Renzong
Dong Zhongshu,Tsang Lap Chuen
Dong Zhongshu,Zhou Guoping
Ellopion of Peparethus,Plato
Empedocles,Aenesidemus
Empedocles,Anaxagoras
Empedocles,Anaximander
Empedocles,Anniceris
Empedocles,Antisthenes
Empedocles,Arcesilaus
Empedocles,Archytas
Empedocles,Aristotle
Empedocles,Callicles
Empedocles,Carneades
Empedocles,Chrysippus
Empedocles,Cicero
Empedocles,Cleanthes
Empedocles,Cleobulus
Empedocles,Democritus
Empedocles,Diodorus Cronus
Empedocles,Epicurus
Empedocles,Epimenides
Empedocles,Euclid of Megara
Empedocles,Gorgias
Empedocles,Hegesias of Cyrene
Empedocles,Heraclides Ponticus
Empedocles,Hippasus
Empedocles,Hippias
Empedocles,Leucippus
Empedocles,Lucretius
Empedocles,Menedemus
Empedocles,Metrodorus of Lampsacus
Empedocles,Panaetius
Empedocles,Parmenides
Empedocles,Philo of Larissa
Empedocles,Plato
Empedocles,Posidonius
Empedocles,Prodicus
Empedocles,Protagoras
Empedocles,Pyrrho
Empedocles,Pythagoras
Empedocles,Socrates
Empedocles,Speusippus
Empedocles,Stilpo
Empedocles,Strato of Lampsacus
Empedocles,Thales
Empedocles,Theano
Empedocles,Theophrastus
Empedocles,Thrasymachus
Empedocles,Timon of Phlius
Empedocles,Xenocrates
Empedocles,Xenophon
Empedocles,Zeno of Citium
Empedocles,Zeno of Sidon
Empedocles,Alcinous
Empedocles,Alexander of Aphrodisias
Empedocles,Ammonius Hermiae
Empedocles,Ammonius Saccas
Empedocles,Apollonius of Tyana
Empedocles,Apuleius
Empedocles,Marcus Aurelius
Empedocles,Clement of Alexandria
Empedocles,Damascius
Empedocles,Diogenes of Oenoanda
Empedocles,Epictetus
Empedocles,Favorinus
Empedocles,Galen
Empedocles,Iamblichus
Empedocles,Lucian
Empedocles,Lucius Annaeus Cornutus
Empedocles,Numenius of Apamea
Empedocles,Philostratus
Empedocles,Plotinus
Empedocles,Porphyry
Empedocles,Proclus
Empedocles,Sextus Empiricus
Empedocles,Syrianus
Epicharmus,Aristotle
Epicharmus,Gorgias
Epicharmus,Plato
Epicharmus,Pythagoras
Epicharmus,Socrates
Epicharmus,Thales
Epicharmus,Lucian
Epicharmus,Friedrich Schiller
Epicurus,Aenesidemus
Epicurus,Anaxagoras
Epicurus,Anaximander
Epicurus,Anniceris
Epicurus,Antisthenes
Epicurus,Arcesilaus
Epicurus,Archytas
Epicurus,Aristotle
Epicurus,Asclepiades of Bithynia
Epicurus,Callicles
Epicurus,Carneades
Epicurus,Chrysippus
Epicurus,Cicero
Epicurus,Cleanthes
Epicurus,Cleobulus
Epicurus,Crates of Thebes
Epicurus,Democritus
Epicurus,Diodorus Cronus
Epicurus,Empedocles
Epicurus,Epimenides
Epicurus,Euclid of Megara
Epicurus,Gorgias
Epicurus,Hegesias of Cyrene
Epicurus,Hippasus
Epicurus,Hippias
Epicurus,Hippocrates
Epicurus,Isocrates
Epicurus,Leucippus
Epicurus,Lucretius
Epicurus,Menedemus
Epicurus,Metrodorus of Lampsacus
Epicurus,Panaetius
Epicurus,Parmenides
Epicurus,Philo of Larissa
Epicurus,Philodemus of Gadara
Epicurus,Plato
Epicurus,Polyaenus of Lampsacus
Epicurus,Posidonius
Epicurus,Prodicus
Epicurus,Protagoras
Epicurus,Pyrrho
Epicurus,Pythagoras
Epicurus,Seneca the Younger
Epicurus,Socrates
Epicurus,Speusippus
Epicurus,Stilpo
Epicurus,Strato of Lampsacus
Epicurus,Thales
Epicurus,Theano
Epicurus,Theophrastus
Epicurus,Thrasymachus
Epicurus,Thucydides
Epicurus,Timon of Phlius
Epicurus,Xenocrates
Epicurus,Xenophon
Epicurus,Zeno of Citium
Epicurus,Zeno of Sidon
Epicurus,Alcinous
Epicurus,Alexander of Aphrodisias
Epicurus,Ammonius Hermiae
Epicurus,Ammonius Saccas
Epicurus,Apollonius of Tyana
Epicurus,Apuleius
Epicurus,Augustine of Hippo
Epicurus,Marcus Aurelius
Epicurus,Clement of Alexandria
Epicurus,Damascius
Epicurus,Diogenes of Oenoanda
Epicurus,Epictetus
Epicurus,Favorinus
Epicurus,Galen
Epicurus,Iamblichus
Epicurus,Isidore of Seville
Epicurus,Lucian
Epicurus,Lucius Annaeus Cornutus
Epicurus,Numenius of Apamea
Epicurus,Philostratus
Epicurus,Plotinus
Epicurus,Porphyry
Epicurus,Proclus
Epicurus,Rabanus Maurus
Epicurus,Sextus Empiricus
Epicurus,Syrianus
Epicurus,Tertullian
Epicurus,Dante Alighieri
Epicurus,John of Salisbury
Epicurus,Roger Bacon
Epicurus,Francis Bacon
Epicurus,Galileo Galilei
Epicurus,Pierre Gassendi
Epicurus,Michel de Montaigne
Epicurus,Lorenzo Valla
Epicurus,Robert Boyle
Epicurus,Joseph Butler
Epicurus,Walter Charleton
Epicurus,John Locke
Epicurus,Isaac Newton
Epicurus,Jeremy Bentham
Epicurus,Auguste Comte
Epicurus,David Hume
Epicurus,Thomas Jefferson
Epicurus,C. D. Broad
Epicurus,Rudolf Carnap
Epicurus,Pierre Duhem
Epicurus,Karl Marx
Epicurus,Otto Neurath
Epicurus,Friedrich Nietzsche
Epicurus,Charles Sanders Peirce
Epicurus,Michael Polanyi
Epicurus,Hans Reichenbach
Epicurus,Bertrand Russell
Epicurus,Rudolf Steiner
Epicurus,William Temple
Epicurus,Alfred North Whitehead
Epicurus,Wilhelm Windelband
Epicurus,Paul Feyerabend
Epicurus,Bas van Fraassen
Epicurus,Ian Hacking
Epicurus,Carl Gustav Hempel
Epicurus,Imre Lakatos
Epicurus,Larry Laudan
Epicurus,Karl Popper
Epimenides,Aristotle
Epimenides,Pythagoras
Epimenides,Clement of Alexandria
Eubulides of Miletus,Aristotle
Eubulides of Miletus,Chrysippus
Eubulides of Miletus,Diodorus Cronus
Eubulides of Miletus,Epimenides
Eubulides of Miletus,Euclid of Megara
Eubulides of Miletus,Plato
Eubulides of Miletus,Socrates
Eubulides of Miletus,Stilpo
Eubulides of Miletus,Thrasymachus
Eubulides of Miletus,Apuleius
Euclid of Alexandria,Anaxagoras
Euclid of Alexandria,Archimedes
Euclid of Alexandria,Archytas
Euclid of Alexandria,Aristotle
Euclid of Alexandria,Chrysippus
Euclid of Alexandria,Democritus
Euclid of Alexandria,Euclid of Megara
Euclid of Alexandria,Eudoxus of Cnidus
Euclid of Alexandria,Geminus
Euclid of Alexandria,Hippasus
Euclid of Alexandria,Hippias
Euclid of Alexandria,Hippocrates
Euclid of Alexandria,Plato
Euclid of Alexandria,Posidonius
Euclid of Alexandria,Pythagoras
Euclid of Alexandria,Socrates
Euclid of Alexandria,Thales
Euclid of Alexandria,Theophrastus
Euclid of Alexandria,Xenocrates
Euclid of Alexandria,Zeno of Elea
Euclid of Alexandria,Zeno of Sidon
Euclid of Alexandria,Alexander of Aphrodisias
Euclid of Alexandria,Cleomedes
Euclid of Alexandria,Galen
Euclid of Alexandria,Porphyry
Euclid of Alexandria,Proclus
Euclid of Alexandria,Ptolemy
Euclid of Alexandria,David Hilbert
Euclid of Alexandria,May Sim
Euclid of Megara,Aenesidemus
Euclid of Megara,Alcibiades
Euclid of Megara,Anaxagoras
Euclid of Megara,Anaximander
Euclid of Megara,Anniceris
Euclid of Megara,Antisthenes
Euclid of Megara,Arcesilaus
Euclid of Megara,Archytas
Euclid of Megara,Aristotle
Euclid of Megara,Callicles
Euclid of Megara,Carneades
Euclid of Megara,Chrysippus
Euclid of Megara,Cicero
Euclid of Megara,Cleanthes
Euclid of Megara,Cleobulus
Euclid of Megara,Democritus
Euclid of Megara,Diodorus Cronus
Euclid of Megara,Empedocles
Euclid of Megara,Epicurus
Euclid of Megara,Epimenides
Euclid of Megara,Eubulides of Miletus
Euclid of Megara,Euclid of Alexandria
Euclid of Megara,Gorgias
Euclid of Megara,Hegesias of Cyrene
Euclid of Megara,Hippasus
Euclid of Megara,Hippias
Euclid of Megara,Leucippus
Euclid of Megara,Lucretius
Euclid of Megara,Menedemus
Euclid of Megara,Metrodorus of Lampsacus
Euclid of Megara,Panaetius
Euclid of Megara,Parmenides
Euclid of Megara,Philo of Larissa
Euclid of Megara,Plato
Euclid of Megara,Posidonius
Euclid of Megara,Prodicus
Euclid of Megara,Protagoras
Euclid of Megara,Pyrrho
Euclid of Megara,Pythagoras
Euclid of Megara,Socrates
Euclid of Megara,Speusippus
Euclid of Megara,Stilpo
Euclid of Megara,Strato of Lampsacus
Euclid of Megara,Thales
Euclid of Megara,Theano
Euclid of Megara,Theophrastus
Euclid of Megara,Thrasymachus
Euclid of Megara,Timon of Phlius
Euclid of Megara,Xenocrates
Euclid of Megara,Xenophon
Euclid of Megara,Zeno of Citium
Euclid of Megara,Zeno of Sidon
Euclid of Megara,Alcinous
Euclid of Megara,Alexander of Aphrodisias
Euclid of Megara,Ammonius Hermiae
Euclid of Megara,Ammonius Saccas
Euclid of Megara,Apollonius of Tyana
Euclid of Megara,Apuleius
Euclid of Megara,Marcus Aurelius
Euclid of Megara,Damascius
Euclid of Megara,Diogenes of Oenoanda
Euclid of Megara,Epictetus
Euclid of Megara,Favorinus
Euclid of Megara,Galen
Euclid of Megara,Iamblichus
Euclid of Megara,Lucian
Euclid of Megara,Lucius Annaeus Cornutus
Euclid of Megara,Numenius of Apamea
Euclid of Megara,Philostratus
Euclid of Megara,Plotinus
Euclid of Megara,Porphyry
Euclid of Megara,Proclus
Euclid of Megara,Sextus Empiricus
Euclid of Megara,Syrianus
Euclid of Megara,Jacques Maritain
Eudoxus of Cnidus,Anaxagoras
Eudoxus of Cnidus,Anaximander
Eudoxus of Cnidus,Antiphon
Eudoxus of Cnidus,Arcesilaus
Eudoxus of Cnidus,Archimedes
Eudoxus of Cnidus,Archytas
Eudoxus of Cnidus,Aristotle
Eudoxus of Cnidus,Carneades
Eudoxus of Cnidus,Chrysippus
Eudoxus of Cnidus,Cicero
Eudoxus of Cnidus,Clitomachus
Eudoxus of Cnidus,Crantor
Eudoxus of Cnidus,Democritus
Eudoxus of Cnidus,Geminus
Eudoxus of Cnidus,Heraclides Ponticus
Eudoxus of Cnidus,Hicetas
Eudoxus of Cnidus,Hippasus
Eudoxus of Cnidus,Hippias
Eudoxus of Cnidus,Hippocrates
Eudoxus of Cnidus,Menedemus
Eudoxus of Cnidus,Metrodorus of Stratonicea
Eudoxus of Cnidus,Philo of Larissa
Eudoxus of Cnidus,Plato
Eudoxus of Cnidus,Posidonius
Eudoxus of Cnidus,Pythagoras
Eudoxus of Cnidus,Socrates
Eudoxus of Cnidus,Speusippus
Eudoxus of Cnidus,Thales
Eudoxus of Cnidus,Xenocrates
Eudoxus of Cnidus,Zeno of Elea
Eudoxus of Cnidus,Zeno of Sidon
Eudoxus of Cnidus,Aedesius
Eudoxus of Cnidus,Albinus
Eudoxus of Cnidus,Alcinous
Eudoxus of Cnidus,Ammonius Hermiae
Eudoxus of Cnidus,Ammonius Saccas
Eudoxus of Cnidus,Apuleius
Eudoxus of Cnidus,Arius
Eudoxus of Cnidus,Calcidius
Eudoxus of Cnidus,Chrysanthius
Eudoxus of Cnidus,Clement of Alexandria
Eudoxus of Cnidus,Cleomedes
Eudoxus of Cnidus,Damascius
Eudoxus of Cnidus,David the Invincible
Eudoxus of Cnidus,Al-Farabi
Eudoxus of Cnidus,Iamblichus
Eudoxus of Cnidus,Longinus
Eudoxus of Cnidus,Gaius Marius Victorinus
Eudoxus of Cnidus,Numenius of Apamea
Eudoxus of Cnidus,Plotinus
Eudoxus of Cnidus,Porphyry
Eudoxus of Cnidus,Proclus
Eudoxus of Cnidus,Pseudo-Dionysius the Areopagite
Eudoxus of Cnidus,Ptolemy
Eudoxus of Cnidus,Simplicius of Cilicia
Eudoxus of Cnidus,Syrianus
Eudoxus of Cnidus,Anselm
Eudoxus of Cnidus,Bonaventure
Eudoxus of Cnidus,Henry of Ghent
Eudoxus of Cnidus,Meister Eckhart
Eudoxus of Cnidus,Paul of Venice
Eudoxus of Cnidus,Theodoric of Freiberg
Eudoxus of Cnidus,Giordano Bruno
Eudoxus of Cnidus,Marsilio Ficino
Eudoxus of Cnidus,Giovanni Pico della Mirandola
Eudoxus of Cnidus,Ralph Cudworth
Eudoxus of Cnidus,Henry More
Eudoxus of Cnidus,Blaise Pascal
Eudoxus of Cnidus,Emanuel Swedenborg
Eudoxus of Cnidus,Bernard Bolzano
Eudoxus of Cnidus,Henri Bergson
Eudoxus of Cnidus,Richard Dedekind
Eudoxus of Cnidus,Ralph Waldo Emerson
Eudoxus of Cnidus,Gottlob Frege
Eudoxus of Cnidus,Edmund Husserl
Eudoxus of Cnidus,Roman Ingarden
Eudoxus of Cnidus,G. E. Moore
Eudoxus of Cnidus,Josiah Royce
Eudoxus of Cnidus,Leo Strauss
Eudoxus of Cnidus,Roderick Chisholm
Eudoxus of Cnidus,Alonzo Church
Eudoxus of Cnidus,Michael Dummett
Eudoxus of Cnidus,Peter van Inwagen
Eudoxus of Cnidus,David Kaplan
Eudoxus of Cnidus,Saul Kripke
Eudoxus of Cnidus,Alvin Plantinga
Eudoxus of Cnidus,Nicholas Wolterstorff
Eudoxus of Cnidus,Crispin Wright
Eudoxus of Cnidus,Edward N. Zalta
Gaozi,Confucius
Gaozi,Deng Xi
Gaozi,Dong Zhongshu
Gaozi,Guan Zhong
Gaozi,Han Fei
Gaozi,Hui Shi
Gaozi,Li Kui
Gaozi,Li Si
Gaozi,Mencius
Gaozi,Mozi
Gaozi,Shang Yang
Gaozi,Shen Buhai
Gaozi,Shen Dao
Gaozi,Sun Tzu
Gaozi,Su Qin
Gaozi,Yang Xiong
Gaozi,Zhang Yi
Gaozi,Zichan
Gaozi,Zisi
Gaozi,Zou Yan
Gaozi,Han Yu
Gaozi,Li Ao
Gaozi,Linji Yixuan
Gaozi,Sengzhao
Gaozi,Wang Bi
Gaozi,Cheng Hao
Gaozi,Cheng Yi
Gaozi,Zhu Xi
Gaozi,Wang Yangming
Gaozi,Huang Zongxi
Gaozi,Wang Fuzhi
Gaozi,Cai Yuanpei
Gaozi,Ch'ien Mu
Gaozi,Feng Youlan
Gaozi,Hu Shih
Gaozi,Kang Youwei
Gaozi,Liang Qichao
Gaozi,Mao Zedong
Gaozi,Sun Yat-sen
Gaozi,Zhang Dongsun
Gaozi,Mou Zongsan
Gaozi,Qiu Renzong
Gaozi,Tsang Lap Chuen
Gaozi,Zhou Guoping
Gautama Aksapada,Agastya
Gautama Aksapada,Ashtavakra
Gautama Aksapada,Gautama Buddha
Gautama Aksapada,Chanakya
Gautama Aksapada,Confucius
Gautama Aksapada,Dong Zhongshu
Gautama Aksapada,Han Fei
Gautama Aksapada,Jaimini
Gautama Aksapada,Kapila
Gautama Aksapada,Kanada
Gautama Aksapada,Mahavira
Gautama Aksapada,Mencius
Gautama Aksapada,Markandeya
Gautama Aksapada,Mozi
Gautama Aksapada,Shang Yang
Gautama Aksapada,Shvetashvatara
Gautama Aksapada,Sun Tzu
Gautama Aksapada,Uddalaka Aruni
Gautama Aksapada,Xun Zi
Gautama Aksapada,Yajnavalkya
Gautama Aksapada,Abhinavagupta
Gautama Aksapada,Adi Shankara
Gautama Aksapada,Bhartrhari
Gautama Aksapada,Buddhaghosa
Gautama Aksapada,Dharmakirti
Gautama Aksapada,Fazang
Gautama Aksapada,Han Yu
Gautama Aksapada,Jayanta Bhatta
Gautama Aksapada,Nagarjuna
Gautama Aksapada,Udayana
Gautama Aksapada,Uddyotakara
Gautama Aksapada,Uisang
Gautama Aksapada,Valluvar
Gautama Aksapada,Vasubandhu
Gautama Aksapada,Vatsyayana
Gautama Aksapada,Zhiyi
Gautama Aksapada,Zongmi
Gautama Aksapada,Cheng Hao
Gautama Aksapada,Cheng Yi
Gautama Aksapada,Dogen
Gautama Aksapada,Gangesha Upadhyaya
Gautama Aksapada,Jinul
Gautama Aksapada,Jayatirtha
Gautama Aksapada,Ramanuja
Gautama Aksapada,Vedanta Desika
Gautama Aksapada,Zhu Xi
Gautama Aksapada,Chaitanya Mahaprabhu
Gautama Aksapada,Fujiwara Seika
Gautama Aksapada,Raghunatha Siromani
Gautama Aksapada,Vyasatirtha
Gautama Aksapada,Yi Hwang
Gautama Aksapada,Yi I
Gautama Aksapada,Huang Zongxi
Gautama Aksapada,Wang Fuzhi
Gautama Aksapada,Motoori Norinaga
Gautama Aksapada,Feng Youlan
Gautama Aksapada,Kang Youwei
Gautama Aksapada,Liu Shaoqi
Gautama Aksapada,Mao Zedong
Gautama Aksapada,Sun Yat-sen
Gautama Aksapada,Julian Baggini
Gautama Aksapada,Johannes Bronkhorst
Gautama Aksapada,Jaegwon Kim
Gautama Aksapada,Bimal Krishna Matilal
Gautama Aksapada,Mou Zongsan
Gautama Siddhartha,Gautama Buddha
Gautama Siddhartha,Confucius
Gautama Siddhartha,Ghosha
Gautama Siddhartha,Kapila
Gautama Siddhartha,Li Si
Gautama Siddhartha,Mahavira
Gautama Siddhartha,Nagasena
Gautama Siddhartha,Pyrrho
Gautama Siddhartha,Asanga
Gautama Siddhartha,Bodhidharma
Gautama Siddhartha,Buddhaghosa
Gautama Siddhartha,Ibn Hazm
Gautama Siddhartha,Nagarjuna
Gautama Siddhartha,Vasubandhu
Gautama Siddhartha,Zhiyi
Gautama Siddhartha,Khana
Gautama Siddhartha,Naropa
Gautama Siddhartha,Nichiren
Gautama Siddhartha,Shinran
Gautama Siddhartha,B. R. Ambedkar
Gautama Siddhartha,Johannes Bronkhorst
Gautama Siddhartha,Michael Oakeshott
Gargi Vachaknavi,Gautama Buddha
Gargi Vachaknavi,Chanakya
Gargi Vachaknavi,Jaimini
Gargi Vachaknavi,Kapila
Gargi Vachaknavi,Kanada
Gargi Vachaknavi,Mahavira
Gargi Vachaknavi,Maitreyi
Gargi Vachaknavi,Uddalaka Aruni
Gargi Vachaknavi,Yajnavalkya
Gargi Vachaknavi,Abhinavagupta
Gargi Vachaknavi,Adi Shankara
Gargi Vachaknavi,Buddhaghosa
Gargi Vachaknavi,Dharmakirti
Gargi Vachaknavi,Nagarjuna
Gargi Vachaknavi,Valluvar
Gargi Vachaknavi,Vasubandhu
Gargi Vachaknavi,Ramanuja
Gargi Vachaknavi,Vedanta Desika
Geminus,Anaxagoras
Geminus,Anaximander
Geminus,Archimedes
Geminus,Archytas
Geminus,Aristotle
Geminus,Chrysippus
Geminus,Cleanthes
Geminus,Democritus
Geminus,Hicetas
Geminus,Hippasus
Geminus,Hippias
Geminus,Hippocrates
Geminus,Panaetius
Geminus,Plato
Geminus,Posidonius
Geminus,Pythagoras
Geminus,Thales
Geminus,Xenocrates
Geminus,Zeno of Citium
Geminus,Zeno of Elea
Geminus,Zeno of Sidon
Geminus,Marcus Aurelius
Geminus,Cleomedes
Geminus,Epictetus
Geminus,Porphyry
Geminus,Proclus
Geminus,Ptolemy
Gongsun Longzi,Confucius
Gongsun Longzi,Deng Xi
Gongsun Longzi,Dong Zhongshu
Gongsun Longzi,Gaozi
Gongsun Longzi,Guan Zhong
Gongsun Longzi,Han Fei
Gongsun Longzi,Hui Shi
Gongsun Longzi,Li Kui
Gongsun Longzi,Li Si
Gongsun Longzi,Mencius
Gongsun Longzi,Mozi
Gongsun Longzi,Shang Yang
Gongsun Longzi,Shen Buhai
Gongsun Longzi,Shen Dao
Gongsun Longzi,Sun Tzu
Gongsun Longzi,Su Qin
Gongsun Longzi,Yang Xiong
Gongsun Longzi,Zhang Yi
Gongsun Longzi,Zichan
Gongsun Longzi,Zisi
Gongsun Longzi,Zou Yan
Gongsun Longzi,Han Yu
Gongsun Longzi,Li Ao
Gongsun Longzi,Linji Yixuan
Gongsun Longzi,Sengzhao
Gongsun Longzi,Wang Bi
Gongsun Longzi,Cheng Hao
Gongsun Longzi,Cheng Yi
Gongsun Longzi,Zhu Xi
Gongsun Longzi,Wang Yangming
Gongsun Longzi,Huang Zongxi
Gongsun Longzi,Wang Fuzhi
Gongsun Longzi,Cai Yuanpei
Gongsun Longzi,Ch'ien Mu
Gongsun Longzi,Feng Youlan
Gongsun Longzi,Hu Shih
Gongsun Longzi,Kang Youwei
Gongsun Longzi,Liang Qichao
Gongsun Longzi,Mao Zedong
Gongsun Longzi,Sun Yat-sen
Gongsun Longzi,Zhang Dongsun
Gongsun Longzi,Mou Zongsan
Gongsun Longzi,Qiu Renzong
Gongsun Longzi,Tsang Lap Chuen
Gongsun Longzi,Zhou Guoping
Gorgias,Aenesidemus
Gorgias,Alcibiades
Gorgias,Anaxagoras
Gorgias,Anaximander
Gorgias,Anniceris
Gorgias,Antiphon
Gorgias,Antisthenes
Gorgias,Arcesilaus
Gorgias,Archytas
Gorgias,Aristotle
Gorgias,Callicles
Gorgias,Carneades
Gorgias,Chrysippus
Gorgias,Cicero
Gorgias,Cleanthes
Gorgias,Cleobulus
Gorgias,Democritus
Gorgias,Diodorus Cronus
Gorgias,Empedocles
Gorgias,Epicurus
Gorgias,Epimenides
Gorgias,Euclid of Megara
Gorgias,Hegesias of Cyrene
Gorgias,Hippasus
Gorgias,Hippias
Gorgias,Hippocrates
Gorgias,Isocrates
Gorgias,Leucippus
Gorgias,Lucretius
Gorgias,Menedemus
Gorgias,Metrodorus of Lampsacus
Gorgias,Panaetius
Gorgias,Parmenides
Gorgias,Philo of Larissa
Gorgias,Plato
Gorgias,Posidonius
Gorgias,Prodicus
Gorgias,Protagoras
Gorgias,Pyrrho
Gorgias,Pythagoras
Gorgias,Socrates
Gorgias,Speusippus
Gorgias,Stilpo
Gorgias,Strato of Lampsacus
Gorgias,Thales
Gorgias,Theano
Gorgias,Theophrastus
Gorgias,Thrasymachus
Gorgias,Thucydides
Gorgias,Timon of Phlius
Gorgias,Xenocrates
Gorgias,Xenophon
Gorgias,Zeno of Citium
Gorgias,Zeno of Sidon
Gorgias,Alcinous
Gorgias,Alexander of Aphrodisias
Gorgias,Ammonius Hermiae
Gorgias,Ammonius Saccas
Gorgias,Apollonius of Tyana
Gorgias,Apuleius
Gorgias,Aristides
Gorgias,Marcus Aurelius
Gorgias,Damascius
Gorgias,Diogenes of Oenoanda
Gorgias,Epictetus
Gorgias,Favorinus
Gorgias,Galen
Gorgias,Iamblichus
Gorgias,Lucian
Gorgias,Lucius Annaeus Cornutus
Gorgias,Numenius of Apamea
Gorgias,Philostratus
Gorgias,Plotinus
Gorgias,Porphyry
Gorgias,Proclus
Gorgias,Sextus Empiricus
Gorgias,Syrianus
Gorgias,George Grote
Gorgias,Martin Heidegger
Gorgias,Henry Sidgwick
Gorgias,Ludwig Wittgenstein
Gorgias,Jacques Derrida
Gorgias,W. K. C. Guthrie
Gorgias,Gisela Striker
Gorgias,Robin Waterfield
Guan Zhong,Confucius
Han Fei,Aristotle
Han Fei,Chanakya
Han Fei,Chao Cuo
Han Fei,Cicero
Han Fei,Confucius
Han Fei,Deng Xi
Han Fei,Dong Zhongshu
Han Fei,Gaozi
Han Fei,Guan Zhong
Han Fei,Hui Shi
Han Fei,Li Kui
Han Fei,Li Si
Han Fei,Mencius
Han Fei,Mozi
Han Fei,Plato
Han Fei,Shang Yang
Han Fei,Shen Buhai
Han Fei,Shen Dao
Han Fei,Sun Tzu
Han Fei,Su Qin
Han Fei,Thucydides
Han Fei,Xenophon
Han Fei,Yang Xiong
Han Fei,Zhang Yi
Han Fei,Zichan
Han Fei,Zisi
Han Fei,Zou Yan
Han Fei,Al-Farabi
Han Fei,Han Yu
Han Fei,Li Ao
Han Fei,Linji Yixuan
Han Fei,Sengzhao
Han Fei,Wang Bi
Han Fei,Al-Ghazali
Han Fei,Averroes
Han Fei,Cheng Hao
Han Fei,Cheng Yi
Han Fei,Ibn Khaldun
Han Fei,Zhu Xi
Han Fei,Wang Yangming
Han Fei,Huang Zongxi
Han Fei,Voltaire
Han Fei,Wang Fuzhi
Han Fei,Cai Yuanpei
Han Fei,Ch'ien Mu
Han Fei,Feng Youlan
Han Fei,Hu Shih
Han Fei,Kang Youwei
Han Fei,Liang Qichao
Han Fei,Mao Zedong
Han Fei,Sun Yat-sen
Han Fei,Zhang Dongsun
Han Fei,Mou Zongsan
Han Fei,Qiu Renzong
Han Fei,Tsang Lap Chuen
Han Fei,Zhou Guoping
Hecato of Rhodes,Chrysippus
Hecato of Rhodes,Cicero
Hecato of Rhodes,Cleanthes
Hecato of Rhodes,Panaetius
Hecato of Rhodes,Posidonius
Hecato of Rhodes,Zeno of Citium
Hecato of Rhodes,Marcus Aurelius
Hecato of Rhodes,Epictetus
Hegesias of Cyrene,Aenesidemus
Hegesias of Cyrene,Anaxagoras
Hegesias of Cyrene,Anaximander
Hegesias of Cyrene,Anniceris
Hegesias of Cyrene,Antisthenes
Hegesias of Cyrene,Arcesilaus
Hegesias of Cyrene,Archytas
Hegesias of Cyrene,Aristotle
Hegesias of Cyrene,Callicles
Hegesias of Cyrene,Carneades
Hegesias of Cyrene,Chrysippus
Hegesias of Cyrene,Cicero
Hegesias of Cyrene,Cleanthes
Hegesias of Cyrene,Cleobulus
Hegesias of Cyrene,Democritus
Hegesias of Cyrene,Diodorus Cronus
Hegesias of Cyrene,Empedocles
Hegesias of Cyrene,Epicurus
Hegesias of Cyrene,Epimenides
Hegesias of Cyrene,Euclid of Megara
Hegesias of Cyrene,Gorgias
Hegesias of Cyrene,Hippasus
Hegesias of Cyrene,Hippias
Hegesias of Cyrene,Leucippus
Hegesias of Cyrene,Lucretius
Hegesias of Cyrene,Menedemus
Hegesias of Cyrene,Metrodorus of Lampsacus
Hegesias of Cyrene,Panaetius
Hegesias of Cyrene,Parmenides
Hegesias of Cyrene,Philo of Larissa
Hegesias of Cyrene,Plato
Hegesias of Cyrene,Posidonius
Hegesias of Cyrene,Prodicus
Hegesias of Cyrene,Protagoras
Hegesias of Cyrene,Pyrrho
Hegesias of Cyrene,Pythagoras
Hegesias of Cyrene,Socrates
Hegesias of Cyrene,Speusippus
Hegesias of Cyrene,Stilpo
Hegesias of Cyrene,Strato of Lampsacus
Hegesias of Cyrene,Thales
Hegesias of Cyrene,Theano
Hegesias of Cyrene,Theophrastus
Hegesias of Cyrene,Thrasymachus
Hegesias of Cyrene,Timon of Phlius
Hegesias of Cyrene,Xenocrates
Hegesias of Cyrene,Xenophon
Hegesias of Cyrene,Zeno of Citium
Hegesias of Cyrene,Zeno of Sidon
Hegesias of Cyrene,Alcinous
Hegesias of Cyrene,Alexander of Aphrodisias
Hegesias of Cyrene,Ammonius Hermiae
Hegesias of Cyrene,Ammonius Saccas
Hegesias of Cyrene,Apollonius of Tyana
Hegesias of Cyrene,Apuleius
Hegesias of Cyrene,Marcus Aurelius
Hegesias of Cyrene,Damascius
Hegesias of Cyrene,Diogenes of Oenoanda
Hegesias of Cyrene,Epictetus
Hegesias of Cyrene,Favorinus
Hegesias of Cyrene,Galen
Hegesias of Cyrene,Iamblichus
Hegesias of Cyrene,Lucian
Hegesias of Cyrene,Lucius Annaeus Cornutus
Hegesias of Cyrene,Numenius of Apamea
Hegesias of Cyrene,Philostratus
Hegesias of Cyrene,Plotinus
Hegesias of Cyrene,Porphyry
Hegesias of Cyrene,Proclus
Hegesias of Cyrene,Ptolemy
Hegesias of Cyrene,Sextus Empiricus
Hegesias of Cyrene,Syrianus
Heraclides Ponticus,Anaximander
Heraclides Ponticus,Arcesilaus
Heraclides Ponticus,Aristotle
Heraclides Ponticus,Aristoxenus
Heraclides Ponticus,Carneades
Heraclides Ponticus,Cicero
Heraclides Ponticus,Clitomachus
Heraclides Ponticus,Crantor
Heraclides Ponticus,Geminus
Heraclides Ponticus,Hicetas
Heraclides Ponticus,Hippocrates
Heraclides Ponticus,Menedemus
Heraclides Ponticus,Metrodorus of Stratonicea
Heraclides Ponticus,Philo of Larissa
Heraclides Ponticus,Plato
Heraclides Ponticus,Posidonius
Heraclides Ponticus,Pythagoras
Heraclides Ponticus,Speusippus
Heraclides Ponticus,Thales
Heraclides Ponticus,Xenocrates
Heraclides Ponticus,Aedesius
Heraclides Ponticus,Albinus
Heraclides Ponticus,Alcinous
Heraclides Ponticus,Ammonius Hermiae
Heraclides Ponticus,Ammonius Saccas
Heraclides Ponticus,Apuleius
Heraclides Ponticus,Arius
Heraclides Ponticus,Calcidius
Heraclides Ponticus,Chrysanthius
Heraclides Ponticus,Clement of Alexandria
Heraclides Ponticus,Cleomedes
Heraclides Ponticus,Damascius
Heraclides Ponticus,David the Invincible
Heraclides Ponticus,Al-Farabi
Heraclides Ponticus,Iamblichus
Heraclides Ponticus,Longinus
Heraclides Ponticus,Gaius Marius Victorinus
Heraclides Ponticus,Numenius of Apamea
Heraclides Ponticus,Plotinus
Heraclides Ponticus,Porphyry
Heraclides Ponticus,Proclus
Heraclides Ponticus,Pseudo-Dionysius the Areopagite
Heraclides Ponticus,Ptolemy
Heraclides Ponticus,Syrianus
Heraclides Ponticus,Anselm
Heraclides Ponticus,Bonaventure
Heraclides Ponticus,Henry of Ghent
Heraclides Ponticus,Meister Eckhart
Heraclides Ponticus,Paul of Venice
Heraclides Ponticus,Theodoric of Freiberg
Heraclides Ponticus,Giordano Bruno
Heraclides Ponticus,Marsilio Ficino
Heraclides Ponticus,Giovanni Pico della Mirandola
Heraclides Ponticus,Ralph Cudworth
Heraclides Ponticus,Henry More
Heraclides Ponticus,Blaise Pascal
Heraclides Ponticus,Emanuel Swedenborg
Heraclides Ponticus,Bernard Bolzano
Heraclides Ponticus,Henri Bergson
Heraclides Ponticus,Ralph Waldo Emerson
Heraclides Ponticus,Gottlob Frege
Heraclides Ponticus,Edmund Husserl
Heraclides Ponticus,Roman Ingarden
Heraclides Ponticus,G. E. Moore
Heraclides Ponticus,Josiah Royce
Heraclides Ponticus,Leo Strauss
Heraclides Ponticus,Roderick Chisholm
Heraclides Ponticus,Alonzo Church
Heraclides Ponticus,Michael Dummett
Heraclides Ponticus,Peter van Inwagen
Heraclides Ponticus,David Kaplan
Heraclides Ponticus,Saul Kripke
Heraclides Ponticus,Alvin Plantinga
Heraclides Ponticus,Nicholas Wolterstorff
Heraclides Ponticus,Crispin Wright
Heraclides Ponticus,Edward N. Zalta
Heraclitus of Ephesus,Aenesidemus
Heraclitus of Ephesus,Alcibiades
Heraclitus of Ephesus,Anaxagoras
Heraclitus of Ephesus,Anaximander
Heraclitus of Ephesus,Anniceris
Heraclitus of Ephesus,Antisthenes
Heraclitus of Ephesus,Arcesilaus
Heraclitus of Ephesus,Archytas
Heraclitus of Ephesus,Aristotle
Heraclitus of Ephesus,Callicles
Heraclitus of Ephesus,Carneades
Heraclitus of Ephesus,Chrysippus
Heraclitus of Ephesus,Cicero
Heraclitus of Ephesus,Cleanthes
Heraclitus of Ephesus,Cleobulus
Heraclitus of Ephesus,Democritus
Heraclitus of Ephesus,Diodorus Cronus
Heraclitus of Ephesus,Empedocles
Heraclitus of Ephesus,Epicharmus
Heraclitus of Ephesus,Epicurus
Heraclitus of Ephesus,Epimenides
Heraclitus of Ephesus,Euclid of Megara
Heraclitus of Ephesus,Gorgias
Heraclitus of Ephesus,Hegesias of Cyrene
Heraclitus of Ephesus,Heraclides Ponticus
Heraclitus of Ephesus,Hippasus
Heraclitus of Ephesus,Hippias
Heraclitus of Ephesus,Hippocrates
Heraclitus of Ephesus,Leucippus
Heraclitus of Ephesus,Lucretius
Heraclitus of Ephesus,Menedemus
Heraclitus of Ephesus,Metrodorus of Lampsacus
Heraclitus of Ephesus,Panaetius
Heraclitus of Ephesus,Parmenides
Heraclitus of Ephesus,Philo of Larissa
Heraclitus of Ephesus,Plato
Heraclitus of Ephesus,Posidonius
Heraclitus of Ephesus,Prodicus
Heraclitus of Ephesus,Protagoras
Heraclitus of Ephesus,Pyrrho
Heraclitus of Ephesus,Pythagoras
Heraclitus of Ephesus,Socrates
Heraclitus of Ephesus,Speusippus
Heraclitus of Ephesus,Stilpo
Heraclitus of Ephesus,Strato of Lampsacus
Heraclitus of Ephesus,Thales
Heraclitus of Ephesus,Theano
Heraclitus of Ephesus,Theophrastus
Heraclitus of Ephesus,Thrasymachus
Heraclitus of Ephesus,Thucydides
Heraclitus of Ephesus,Timon of Phlius
Heraclitus of Ephesus,Xenocrates
Heraclitus of Ephesus,Xenophanes of Colophon
Heraclitus of Ephesus,Xenophon
Heraclitus of Ephesus,Zeno of Citium
Heraclitus of Ephesus,Zeno of Elea
Heraclitus of Ephesus,Zeno of Sidon
Heraclitus of Ephesus,Adi Shankara
Heraclitus of Ephesus,Alcinous
Heraclitus of Ephesus,Alexander of Aphrodisias
Heraclitus of Ephesus,Ammonius Hermiae
Heraclitus of Ephesus,Ammonius Saccas
Heraclitus of Ephesus,Apollonius of Tyana
Heraclitus of Ephesus,Apuleius
Heraclitus of Ephesus,Arius
Heraclitus of Ephesus,Augustine of Hippo
Heraclitus of Ephesus,Marcus Aurelius
Heraclitus of Ephesus,Avicenna
Heraclitus of Ephesus,Clement of Alexandria
Heraclitus of Ephesus,Damascius
Heraclitus of Ephesus,Diogenes of Oenoanda
Heraclitus of Ephesus,Epictetus
Heraclitus of Ephesus,Favorinus
Heraclitus of Ephesus,Galen
Heraclitus of Ephesus,Iamblichus
Heraclitus of Ephesus,Lucian
Heraclitus of Ephesus,Lucius Annaeus Cornutus
Heraclitus of Ephesus,Numenius of Apamea
Heraclitus of Ephesus,Origen of Alexandria
Heraclitus of Ephesus,Philostratus
Heraclitus of Ephesus,Plotinus
Heraclitus of Ephesus,Porphyry
Heraclitus of Ephesus,Proclus
Heraclitus of Ephesus,Sextus Empiricus
Heraclitus of Ephesus,Simplicius of Cilicia
Heraclitus of Ephesus,Syrianus
Heraclitus of Ephesus,Tertullian
Heraclitus of Ephesus,Themistius
Heraclitus of Ephesus,Albertus Magnus
Heraclitus of Ephesus,Anselm
Heraclitus of Ephesus,Averroes
Heraclitus of Ephesus,William of Ockham
Heraclitus of Ephesus,Thomas Aquinas
Heraclitus of Ephesus,Desiderius Erasmus
Heraclitus of Ephesus,Marsilio Ficino
Heraclitus of Ephesus,Michel de Montaigne
Heraclitus of Ephesus,Mulla Sadra
Heraclitus of Ephesus,George Berkeley
Heraclitus of Ephesus,Nicolas Malebranche
Heraclitus of Ephesus,Isaac Newton
Heraclitus of Ephesus,Blaise Pascal
Heraclitus of Ephesus,Baruch Spinoza
Heraclitus of Ephesus,William Wollaston
Heraclitus of Ephesus,Thomas Carlyle
Heraclitus of Ephesus,Baron d'Holbach
Heraclitus of Ephesus,David Hume
Heraclitus of Ephesus,Immanuel Kant
Heraclitus of Ephesus,Thomas Reid
Heraclitus of Ephesus,Friedrich Schleiermacher
Heraclitus of Ephesus,Arthur Schopenhauer
Heraclitus of Ephesus,William Whewell
Heraclitus of Ephesus,Karl Barth
Heraclitus of Ephesus,Emil Brunner
Heraclitus of Ephesus,Martin Buber
Heraclitus of Ephesus,Rudolf Bultmann
Heraclitus of Ephesus,Ernst Cassirer
Heraclitus of Ephesus,Friedrich Engels
Heraclitus of Ephesus,Ludwig Feuerbach
Heraclitus of Ephesus,Ernst Haeckel
Heraclitus of Ephesus,Charles Hartshorne
Heraclitus of Ephesus,Martin Heidegger
Heraclitus of Ephesus,Edmund Husserl
Heraclitus of Ephesus,William James
Heraclitus of Ephesus,Ferdinand Lassalle
Heraclitus of Ephesus,Vladimir Lenin
Heraclitus of Ephesus,Gabriel Marcel
Heraclitus of Ephesus,Karl Marx
Heraclitus of Ephesus,Reinhold Niebuhr
Heraclitus of Ephesus,Friedrich Nietzsche
Heraclitus of Ephesus,Rudolf Otto
Heraclitus of Ephesus,Bertrand Russell
Heraclitus of Ephesus,George Santayana
Heraclitus of Ephesus,Lev Shestov
Heraclitus of Ephesus,Vladimir Solovyov
Heraclitus of Ephesus,Oswald Spengler
Heraclitus of Ephesus,Afrikan Spir
Heraclitus of Ephesus,Paul Tillich
Heraclitus of Ephesus,Ernst Troeltsch
Heraclitus of Ephesus,Alfred North Whitehead
Heraclitus of Ephesus,Ludwig Wittgenstein
Heraclitus of Ephesus,Eduard Zeller
Heraclitus of Ephesus,Robert Merrihew Adams
Heraclitus of Ephesus,William Alston
Heraclitus of Ephesus,Jonathan Barnes
Heraclitus of Ephesus,Jc Beall
Heraclitus of Ephesus,William Lane Craig
Heraclitus of Ephesus,Gilles Deleuze
Heraclitus of Ephesus,Daniel Dennett
Heraclitus of Ephesus,Jacques Derrida
Heraclitus of Ephesus,Mircea Eliade
Heraclitus of Ephesus,Antony Flew
Heraclitus of Ephesus,Michel Foucault
Heraclitus of Ephesus,Peter Geach
Heraclitus of Ephesus,W. K. C. Guthrie
Heraclitus of Ephesus,Philip Hallie
Heraclitus of Ephesus,Peter van Inwagen
Heraclitus of Ephesus,Walter Kaufmann
Heraclitus of Ephesus,Anthony Kenny
Heraclitus of Ephesus,A. A. Long
Heraclitus of Ephesus,E. J. Lowe
Heraclitus of Ephesus,Jean-Luc Marion
Heraclitus of Ephesus,Rollo May
Heraclitus of Ephesus,M. M. McCabe
Heraclitus of Ephesus,Martha Nussbaum
Heraclitus of Ephesus,Alvin Plantinga
Heraclitus of Ephesus,Graham Priest
Heraclitus of Ephesus,Alexander Pruss
Heraclitus of Ephesus,Greg Restall
Heraclitus of Ephesus,Frithjof Schuon
Heraclitus of Ephesus,May Sim
Heraclitus of Ephesus,Richard Swinburne
Heraclitus of Ephesus,Nicholas Wolterstorff
Hicetas,Anaximander
Hicetas,Aristotle
Hicetas,Cicero
Hicetas,Geminus
Hicetas,Heraclides Ponticus
Hicetas,Hippocrates
Hicetas,Plato
Hicetas,Posidonius
Hicetas,Thales
Hicetas,Theophrastus
Hicetas,Cleomedes
Hicetas,Ptolemy
Hipparchia of Maroneia,Antisthenes
Hipparchia of Maroneia,Crates of Thebes
Hipparchia of Maroneia,Menedemus
Hipparchia of Maroneia,Metrocles
Hipparchia of Maroneia,Pyrrho
Hipparchia of Maroneia,Zeno of Citium
Hipparchia of Maroneia,Apuleius
Hipparchia of Maroneia,Sextus Empiricus
Hipparchia of Maroneia,Martha Nussbaum
Hippasus,Aenesidemus
Hippasus,Anaxagoras
Hippasus,Anaximander
Hippasus,Anniceris
Hippasus,Antisthenes
Hippasus,Arcesilaus
Hippasus,Archimedes
Hippasus,Archytas
Hippasus,Aristotle
Hippasus,Callicles
Hippasus,Carneades
Hippasus,Chrysippus
Hippasus,Cicero
Hippasus,Cleanthes
Hippasus,Cleobulus
Hippasus,Democritus
Hippasus,Diodorus Cronus
Hippasus,Empedocles
Hippasus,Epicurus
Hippasus,Epimenides
Hippasus,Euclid of Megara
Hippasus,Geminus
Hippasus,Gorgias
Hippasus,Hegesias of Cyrene
Hippasus,Heraclides Ponticus
Hippasus,Hippias
Hippasus,Hippocrates
Hippasus,Leucippus
Hippasus,Lucretius
Hippasus,Menedemus
Hippasus,Metrodorus of Lampsacus
Hippasus,Panaetius
Hippasus,Parmenides
Hippasus,Philo of Larissa
Hippasus,Philolaus of Croton
Hippasus,Plato
Hippasus,Posidonius
Hippasus,Prodicus
Hippasus,Protagoras
Hippasus,Pyrrho
Hippasus,Pythagoras
Hippasus,Socrates
Hippasus,Speusippus
Hippasus,Stilpo
Hippasus,Strato of Lampsacus
Hippasus,Thales
Hippasus,Theano
Hippasus,Theodorus of Cyrene
Hippasus,Theophrastus
Hippasus,Thrasymachus
Hippasus,Timon of Phlius
Hippasus,Xenocrates
Hippasus,Xenophon
Hippasus,Zeno of Citium
Hippasus,Zeno of Elea
Hippasus,Zeno of Sidon
Hippasus,Alcinous
Hippasus,Alexander of Aphrodisias
Hippasus,Ammonius Hermiae
Hippasus,Ammonius Saccas
Hippasus,Apollonius of Tyana
Hippasus,Apuleius
Hippasus,Marcus Aurelius
Hippasus,Clement of Alexandria
Hippasus,Cleomedes
Hippasus,Damascius
Hippasus,Diogenes of Oenoanda
Hippasus,Epictetus
Hippasus,Favorinus
Hippasus,Galen
Hippasus,Iamblichus
Hippasus,Lucian
Hippasus,Lucius Annaeus Cornutus
Hippasus,Numenius of Apamea
Hippasus,Philostratus
Hippasus,Plotinus
Hippasus,Porphyry
Hippasus,Proclus
Hippasus,Ptolemy
Hippasus,Sextus Empiricus
Hippasus,Syrianus
Hippasus,William Thompson
Hippias,Aenesidemus
Hippias,Anaxagoras
Hippias,Anaximander
Hippias,Anniceris
Hippias,Antiphon
Hippias,Antisthenes
Hippias,Arcesilaus
Hippias,Archimedes
Hippias,Archytas
Hippias,Aristotle
Hippias,Callicles
Hippias,Carneades
Hippias,Chrysippus
Hippias,Cicero
Hippias,Cleanthes
Hippias,Cleobulus
Hippias,Democritus
Hippias,Diodorus Cronus
Hippias,Empedocles
Hippias,Epicurus
Hippias,Epimenides
Hippias,Euclid of Megara
Hippias,Geminus
Hippias,Gorgias
Hippias,Hegesias of Cyrene
Hippias,Hippasus
Hippias,Hippocrates
Hippias,Leucippus
Hippias,Lucretius
Hippias,Menedemus
Hippias,Metrodorus of Lampsacus
Hippias,Panaetius
Hippias,Parmenides
Hippias,Philo of Larissa
Hippias,Plato
Hippias,Posidonius
Hippias,Prodicus
Hippias,Protagoras
Hippias,Pyrrho
Hippias,Pythagoras
Hippias,Socrates
Hippias,Speusippus
Hippias,Stilpo
Hippias,Strato of Lampsacus
Hippias,Thales
Hippias,Theano
Hippias,Theophrastus
Hippias,Thrasymachus
Hippias,Timon of Phlius
Hippias,Xenocrates
Hippias,Xenophon
Hippias,Zeno of Citium
Hippias,Zeno of Elea
Hippias,Zeno of Sidon
Hippias,Alcinous
Hippias,Alexander of Aphrodisias
Hippias,Ammonius Hermiae
Hippias,Ammonius Saccas
Hippias,Apollonius of Tyana
Hippias,Apuleius
Hippias,Marcus Aurelius
Hippias,Cleomedes
Hippias,Damascius
Hippias,Diogenes of Oenoanda
Hippias,Epictetus
Hippias,Favorinus
Hippias,Galen
Hippias,Iamblichus
Hippias,Lucian
Hippias,Lucius Annaeus Cornutus
Hippias,Numenius of Apamea
Hippias,Philostratus
Hippias,Plotinus
Hippias,Porphyry
Hippias,Proclus
Hippias,Ptolemy
Hippias,Sextus Empiricus
Hippias,Syrianus
Hippias,Themistius
Hippocrates,Aristotle
Hippocrates,Democritus
Hippocrates,Gorgias
Hippocrates,Plato
Hippocrates,Protagoras
Hippocrates,Pythagoras
Hippocrates,Theophrastus
Hippocrates,Thucydides
Hippocrates,Avicenna
Hippocrates,Galen
Hippocrates,Paracelsus
Hsu Hsing,Confucius
Hsu Hsing,Deng Xi
Hsu Hsing,Dong Zhongshu
Hsu Hsing,Gaozi
Hsu Hsing,Guan Zhong
Hsu Hsing,Han Fei
Hsu Hsing,Hui Shi
Hsu Hsing,Li Kui
Hsu Hsing,Li Si
Hsu Hsing,Mencius
Hsu Hsing,Mozi
Hsu Hsing,Shang Yang
Hsu Hsing,Shen Buhai
Hsu Hsing,Shen Dao
Hsu Hsing,Sun Tzu
Hsu Hsing,Su Qin
Hsu Hsing,Yang Xiong
Hsu Hsing,Zhang Yi
Hsu Hsing,Zichan
Hsu Hsing,Zisi
Hsu Hsing,Zou Yan
Hsu Hsing,Han Yu
Hsu Hsing,Li Ao
Hsu Hsing,Linji Yixuan
Hsu Hsing,Sengzhao
Hsu Hsing,Wang Bi
Hsu Hsing,Cheng Hao
Hsu Hsing,Cheng Yi
Hsu Hsing,Zhu Xi
Hsu Hsing,Wang Yangming
Hsu Hsing,Huang Zongxi
Hsu Hsing,Wang Fuzhi
Hsu Hsing,Cai Yuanpei
Hsu Hsing,Ch'ien Mu
Hsu Hsing,Feng Youlan
Hsu Hsing,Hu Shih
Hsu Hsing,Kang Youwei
Hsu Hsing,Liang Qichao
Hsu Hsing,Mao Zedong
Hsu Hsing,Sun Yat-sen
Hsu Hsing,Zhang Dongsun
Hsu Hsing,Mou Zongsan
Hsu Hsing,Qiu Renzong
Hsu Hsing,Tsang Lap Chuen
Hsu Hsing,Zhou Guoping
Huai Nun Tzu,Zhu Xi
Hui Shi,Han Fei
Hui Shi,Plato
Hui Shi,Solomon
Hui Shi,Zeno of Elea
Hui Shi,Ch'ien Mu
Isocrates,Antiphon
Isocrates,Aristotle
Isocrates,Cicero
Isocrates,Gorgias
Isocrates,Hippias
Isocrates,Plato
Isocrates,Prodicus
Isocrates,Protagoras
Isocrates,Socrates
Isocrates,Speusippus
Isocrates,Aristides
Isocrates,Lucian
Jaimini,Gautama Buddha
Jaimini,Chanakya
Jaimini,Kapila
Jaimini,Kanada
Jaimini,Mahavira
Jaimini,Markandeya
Jaimini,Shvetashvatara
Jaimini,Uddalaka Aruni
Jaimini,Abhinavagupta
Jaimini,Adi Shankara
Jaimini,Buddhaghosa
Jaimini,Dharmakirti
Jaimini,Jayanta Bhatta
Jaimini,Nagarjuna
Jaimini,Valluvar
Jaimini,Vasubandhu
Jaimini,Jayatirtha
Jaimini,Ramanuja
Jaimini,Vedanta Desika
Jaimini,Chaitanya Mahaprabhu
Jaimini,Raghunatha Siromani
Jaimini,Vyasatirtha
Jaimini,Paul Deussen
Kapila,Agastya
Kapila,Angiras
Kapila,Ashtavakra
Kapila,Gautama Buddha
Kapila,Chanakya
Kapila,Dirghatamas
Kapila,Jaimini
Kapila,Kanada
Kapila,Mahavira
Kapila,Markandeya
Kapila,Parashara
Kapila,Shvetashvatara
Kapila,Uddalaka Aruni
Kapila,Vasishtha
Kapila,Yajnavalkya
Kapila,Abhinavagupta
Kapila,Adi Shankara
Kapila,Asanga
Kapila,Buddhaghosa
Kapila,Dharmakirti
Kapila,Jayanta Bhatta
Kapila,Nagarjuna
Kapila,Valluvar
Kapila,Vasubandhu
Kapila,Bhoja
Kapila,Jayatirtha
Kapila,Khana
Kapila,Ramanuja
Kapila,Vedanta Desika
Kapila,Chaitanya Mahaprabhu
Kapila,Raghunatha Siromani
Kapila,Vyasatirtha
Kapila,John Haldane
Kanada,Agastya
Kanada,Angiras
Kanada,Ashtavakra
Kanada,Gautama Buddha
Kanada,Chanakya
Kanada,Dirghatamas
Kanada,Jaimini
Kanada,Kapila
Kanada,Leucippus
Kanada,Mahavira
Kanada,Markandeya
Kanada,Parashara
Kanada,Uddalaka Aruni
Kanada,Vasishtha
Kanada,Yajnavalkya
Kanada,Abhinavagupta
Kanada,Adi Shankara
Kanada,Buddhaghosa
Kanada,Dharmakirti
Kanada,Jayanta Bhatta
Kanada,Nagarjuna
Kanada,Valluvar
Kanada,Vasubandhu
Kanada,Bhoja
Kanada,Jayatirtha
Kanada,Ramanuja
Kanada,Vedanta Desika
Kanada,Chaitanya Mahaprabhu
Kanada,Raghunatha Siromani
Kanada,Vyasatirtha
Kanada,Bimal Krishna Matilal
Lopamudra,Agastya
Lopamudra,Khana
Lao Zi,Agastya
Lao Zi,Aristotle
Lao Zi,Ashtavakra
Lao Zi,Chanakya
Lao Zi,Cicero
Lao Zi,Confucius
Lao Zi,Deng Xi
Lao Zi,Dong Zhongshu
Lao Zi,Gaozi
Lao Zi,Guan Zhong
Lao Zi,Han Fei
Lao Zi,Hui Shi
Lao Zi,Jaimini
Lao Zi,Kapila
Lao Zi,Kanada
Lao Zi,Li Kui
Lao Zi,Li Si
Lao Zi,Liezi
Lao Zi,Mencius
Lao Zi,Mozi
Lao Zi,Plato
Lao Zi,Shang Yang
Lao Zi,Shen Buhai
Lao Zi,Shen Dao
Lao Zi,Socrates
Lao Zi,Sun Tzu
Lao Zi,Su Qin
Lao Zi,Thucydides
Lao Zi,Xun Zi
Lao Zi,Yajnavalkya
Lao Zi,Yang Xiong
Lao Zi,Zhang Yi
Lao Zi,Zichan
Lao Zi,Zisi
Lao Zi,Zou Yan
Lao Zi,Abhinavagupta
Lao Zi,Adi Shankara
Lao Zi,Dharmakirti
Lao Zi,Fazang
Lao Zi,Han Yu
Lao Zi,Li Ao
Lao Zi,Linji Yixuan
Lao Zi,Nagarjuna
Lao Zi,Sengzhao
Lao Zi,Tertullian
Lao Zi,Uisang
Lao Zi,Valluvar
Lao Zi,Vasubandhu
Lao Zi,Wang Bi
Lao Zi,Zhiyi
Lao Zi,Zongmi
Lao Zi,Cheng Hao
Lao Zi,Cheng Yi
Lao Zi,Dogen
Lao Zi,Gangesha Upadhyaya
Lao Zi,Ibn Khaldun
Lao Zi,Jinul
Lao Zi,Ramanuja
Lao Zi,Zhu Xi
Lao Zi,Fujiwara Seika
Lao Zi,Wang Yangming
Lao Zi,Yi Hwang
Lao Zi,Yi I
Lao Zi,Huang Zongxi
Lao Zi,Voltaire
Lao Zi,Wang Fuzhi
Lao Zi,Motoori Norinaga
Lao Zi,Cai Yuanpei
Lao Zi,Ch'ien Mu
Lao Zi,Feng Youlan
Lao Zi,Friedrich Hayek
Lao Zi,Hu Shih
Lao Zi,Kang Youwei
Lao Zi,Peter Kropotkin
Lao Zi,Liang Qichao
Lao Zi,Liu Shaoqi
Lao Zi,Mao Zedong
Lao Zi,Sun Yat-sen
Lao Zi,Zhang Dongsun
Lao Zi,Milton Friedman
Lao Zi,Jaegwon Kim
Lao Zi,Mou Zongsan
Lao Zi,Qiu Renzong
Lao Zi,Tsang Lap Chuen
Lao Zi,Edward N. Zalta
Lao Zi,Zhou Guoping
Leucippus,Aenesidemus
Leucippus,Anaxagoras
Leucippus,Anaximander
Leucippus,Anniceris
Leucippus,Antisthenes
Leucippus,Arcesilaus
Leucippus,Archytas
Leucippus,Aristotle
Leucippus,Callicles
Leucippus,Carneades
Leucippus,Chrysippus
Leucippus,Cicero
Leucippus,Cleanthes
Leucippus,Cleobulus
Leucippus,Democritus
Leucippus,Diodorus Cronus
Leucippus,Empedocles
Leucippus,Epicurus
Leucippus,Epimenides
Leucippus,Euclid of Megara
Leucippus,Gorgias
Leucippus,Hegesias of Cyrene
Leucippus,Hippasus
Leucippus,Hippias
Leucippus,Kanada
Leucippus,Lucretius
Leucippus,Melissus of Samos
Leucippus,Menedemus
Leucippus,Metrodorus of Lampsacus
Leucippus,Panaetius
Leucippus,Parmenides
Leucippus,Philo of Larissa
Leucippus,Plato
Leucippus,Posidonius
Leucippus,Prodicus
Leucippus,Protagoras
Leucippus,Pyrrho
Leucippus,Pythagoras
Leucippus,Socrates
Leucippus,Speusippus
Leucippus,Stilpo
Leucippus,Strato of Lampsacus
Leucippus,Thales
Leucippus,Theano
Leucippus,Theophrastus
Leucippus,Thrasymachus
Leucippus,Thucydides
Leucippus,Timon of Phlius
Leucippus,Xenocrates
Leucippus,Xenophon
Leucippus,Zeno of Citium
Leucippus,Zeno of Elea
Leucippus,Zeno of Sidon
Leucippus,Alcinous
Leucippus,Alexander of Aphrodisias
Leucippus,Ammonius Hermiae
Leucippus,Ammonius Saccas
Leucippus,Apollonius of Tyana
Leucippus,Apuleius
Leucippus,Marcus Aurelius
Leucippus,Damascius
Leucippus,Diogenes of Oenoanda
Leucippus,Epictetus
Leucippus,Favorinus
Leucippus,Galen
Leucippus,Iamblichus
Leucippus,Lucian
Leucippus,Lucius Annaeus Cornutus
Leucippus,Numenius of Apamea
Leucippus,Philostratus
Leucippus,Plotinus
Leucippus,Porphyry
Leucippus,Proclus
Leucippus,Sextus Empiricus
Leucippus,Simplicius of Cilicia
Leucippus,Syrianus
Leucippus,Pierre Gassendi
Leucippus,Robert Boyle
Leucippus,Erwin Rohde
Leucippus,Werner Heisenberg
Li Kui,Chao Cuo
Li Kui,Confucius
Li Kui,Guan Zhong
Li Kui,Han Fei
Li Kui,Li Si
Li Kui,Shang Yang
Li Kui,Shen Buhai
Li Kui,Shen Dao
Li Kui,Zhang Yi
Li Si,Confucius
Li Si,Deng Xi
Li Si,Dong Zhongshu
Li Si,Gaozi
Li Si,Guan Zhong
Li Si,Han Fei
Li Si,Hui Shi
Li Si,Li Kui
Li Si,Mencius
Li Si,Mozi
Li Si,Shang Yang
Li Si,Shen Buhai
Li Si,Shen Dao
Li Si,Sun Tzu
Li Si,Su Qin
Li Si,Yang Xiong
Li Si,Zhang Yi
Li Si,Zichan
Li Si,Zisi
Li Si,Zou Yan
Li Si,Han Yu
Li Si,Li Ao
Li Si,Linji Yixuan
Li Si,Sengzhao
Li Si,Wang Bi
Li Si,Cheng Hao
Li Si,Cheng Yi
Li Si,Zhu Xi
Li Si,Wang Yangming
Li Si,Huang Zongxi
Li Si,Wang Fuzhi
Li Si,Cai Yuanpei
Li Si,Ch'ien Mu
Li Si,Feng Youlan
Li Si,Hu Shih
Li Si,Kang Youwei
Li Si,Liang Qichao
Li Si,Mao Zedong
Li Si,Sun Yat-sen
Li Si,Zhang Dongsun
Li Si,Mou Zongsan
Li Si,Qiu Renzong
Li Si,Tsang Lap Chuen
Li Si,Zhou Guoping
Liezi,Confucius
Liezi,Mencius
Liezi,Yang Chu
Liezi,Wang Bi
Liezi,Wing-tsit Chan
Lu Ban,Confucius
Lu Ban,Mozi
