Name,RawCentrality
Plato,402
Aristotle,385
Cicero,229
Anselm,169
Averroes,163
Thomas Aquinas,160
Bonaventure,156
Ibn Khaldun,149
Al-Farabi,146
Arius,144
Al-Ghazali,144
Socrates,140
Voltaire,140
Confucius,135
Solomon,131
Tertullian,129
Avicenna,126
Proclus,125
Porphyry,123
Mozi,122
Meister Eckhart,122
Henry of Ghent,120
Mencius,119
Pseudo-Dionysius the Areopagite,118
Plotinus,116
Blaise Pascal,113
Augustine of Hippo,112
Xenophon,109
Roger Bacon,107
Thucydides,104
Marsilio Ficino,104
Peter Lombard,104
William of Ockham,104
Al-Kindi,103
Albertus Magnus,100
Duns Scotus,99
Xenocrates,98
Pythagoras,97
Giovanni Pico della Mirandola,95
Han Fei,95
David Hume,94
Arcesilaus,94
Carneades,93
Menedemus,93
Sun Tzu,92
Alcuin,92
Apuleius,92
Bede,90
Philo of Larissa,89
Iamblichus,89
Clement of Alexandria,89
Chanakya,88
Ammonius Hermiae,88
Gorgias,88
Speusippus,88
Syrianus,87
Galen,87
Robert Grosseteste,86
Alcinous,86
Damascius,86
Numenius of Apamea,85
Ramon Llull,85
Ammonius Saccas,85
Isidore of Seville,84
Nicholas of Cusa,84
Edward N. Zalta,83
Paul of Venice,82
Lucretius,82
Epicurus,81
Democritus,81
Chrysippus,80
Theophrastus,79
Fakhr al-Din al-Razi,77
Pyrrho,77
Boetius of Dacia,76
Isaac Newton,75
Ambrose,75
Adi Shankara,74
Lucian,73
John Locke,72
Parmenides,70
Nicholas Wolterstorff,70
Ibn Hazm,70
Alvin Plantinga,70
Hasdai Crescas,69
Valluvar,69
Gersonides,69
Ibn Daud,69
Nicolas Malebranche,68
Hippias,67
Sextus Empiricus,67
Pierre Gassendi,67
Thales,67
Baruch Spinoza,66
Thomas More,66
Ptolemy,66
Peter van Inwagen,65
Abhinavagupta,65
Posidonius,65
Ibn Arabi,65
Kapila,65
John of Damascus,65
Zeno of Sidon,64
Aristides,64
Saadia Gaon,64
Alexander of Aphrodisias,64
Ramanuja,64
Immanuel Kant,64
Epictetus,64
Bernard of Clairvaux,63
Giordano Bruno,63
Jean-Luc Marion,62
Ibn Bajjah,62
Ralph Waldo Emerson,62
Leo Strauss,62
Cyril of Alexandria,62
Vladimir Solovyov,61
Gabriel Marcel,61
Anaxagoras,61
Zeno of Citium,60
Vasubandhu,60
Miskawayh,59
Marcus Aurelius,59
G. E. Moore,59
Protagoras,58
Dante Alighieri,58
Gregory of Nyssa,57
Edmund Husserl,57
Hildegard of Bingen,57
Ibn Masarra,57
Athanasius of Alexandria,57
Jaimini,57
Saul Kripke,57
Francis of Assisi,56
Panaetius,56
Henry More,56
Nagarjuna,56
Frederick Copleston,56
Empedocles,56
Cleanthes,56
Apollonius of Tyana,56
Buddhaghosa,55
Pope Gregory I,55
Clitomachus,55
Heraclides Ponticus,55
Ralph Cudworth,55
Archytas,55
Vedanta Desika,54
Henri Bergson,54
Strato of Lampsacus,54
Longinus,54
Albinus,53
Francisco de Vitoria,53
Emanuel Swedenborg,53
Hippocrates,53
Gottlob Frege,53
Solomon Ibn Gabirol,53
Jacques Maritain,52
Hippasus,52
Anaximander,52
John Henry Newman,51
Karl Rahner,51
Calcidius,50
Antisthenes,50
Giambattista Vico,50
Jean Buridan,50
Tommaso Campanella,50
Aenesidemus,50
Rabanus Maurus,50
Pierre Teilhard de Chardin,49
Bertrand Russell,49
Kanada,49
Roman Ingarden,49
Josiah Royce,49
Thomas Merton,49
Luis de Molina,49
Johannes Tauler,49
Alhazen,49
David the Invincible,49
Peter Kreeft,48
Michael Dummett,48
Walter Hilton,48
Philostratus,48
John Peckham,48
Bernard Bolzano,48
Theodoric of Freiberg,48
Crispin Wright,48
David Kaplan,48
Roderick Chisholm,48
Crantor,48
Alasdair MacIntyre,48
Gaius Marius Victorinus,48
Alonzo Church,48
Karl Marx,48
Jean Vanier,47
Metrodorus of Stratonicea,47
Dietrich von Hildebrand,47
Maurice Blondel,47
Stilpo,47
Bernard Lonergan,47
Leucippus,47
Alice von Hildebrand,47
Edith Stein,47
Joachim of Fiore,47
Zhu Xi,47
Chrysanthius,47
Aedesius,47
Thomas Cajetan,47
Elias,47
Metrodorus of Lampsacus,46
Mahavira,46
Thrasymachus,45
Giles of Rome,45
Alexander of Hales,45
Diogenes of Oenoanda,45
Bernard of Chartres,44
Adam Smith,44
Timon of Phlius,44
Nicole Oresme,44
Euclid of Megara,43
Martin Buber,43
Prodicus,43
Diodorus Cronus,43
Han Yu,43
Shang Yang,43
Marsilius of Inghen,43
Dominicus Gundissalinus,43
Epimenides,42
Albert of Saxony,42
Ikhwan al-Safa',42
Godfrey of Fontaines,42
Frithjof Schuon,42
Vincent Ferrer,42
Friedrich Nietzsche,42
Favorinus,42
Hegesias of Cyrene,41
Callicles,41
Mulla Sadra,41
Anniceris,41
Thomas Hobbes,40
Archimedes,40
Alain de Lille,40
Cheng Yi,40
Cleobulus,40
Feng Youlan,40
Sun Yat-sen,40
Raghunatha Siromani,39
Martin Luther,39
Dharmakirti,39
Jayanta Bhatta,39
Cheng Hao,39
Yajnavalkya,39
Li Si,39
Gautama Buddha,39
Dong Zhongshu,39
Lucius Annaeus Cornutus,39
Theano,38
Mou Zongsan,38
Sengzhao,38
Mao Zedong,38
Khana,38
Kang Youwei,38
Wang Fuzhi,38
Muhammad Iqbal,37
Hamid al-Din al-Kirmani,37
Galileo Galilei,37
Vyasatirtha,37
Huang Zongxi,37
Asanga,36
Shen Buhai,36
Jayatirtha,36
Zhiyi,36
John Stuart Mill,35
Guan Zhong,35
Linji Yixuan,35
Wang Bi,34
Zisi,34
Zhang Yi,34
Moses Mendelssohn,34
Kabir,34
Shen Dao,34
Francis Bacon,34
Deng Xi,34
Abraham ibn Ezra,33
Li Kui,33
Thomas Carlyle,33
Ch'ien Mu,33
Wang Yangming,32
Yang Xiong,32
Hu Shih,32
Hui Shi,32
Liang Qichao,31
Li Ao,31
Zhang Dongsun,31
Zou Yan,31
Thomas Jefferson,31
Zichan,31
Samuel Ibn Tibbon,31
Agastya,30
Nichiren,30
Bodhidharma,30
Zhou Guoping,30
Qiu Renzong,30
Shinran,30
Tsang Lap Chuen,30
Ashtavakra,30
Naropa,30
Su Qin,30
Gaozi,30
Hossein Nasr,30
Cai Yuanpei,30
Baron d'Holbach,30
B. R. Ambedkar,30
Abu Ma'shar al-Balkhi,29
William Whewell,29
Uddalaka Aruni,29
Chaitanya Mahaprabhu,29
Zeno of Elea,29
Jeremy Bentham,29
Bahya ibn Paquda,29
Nagasena,29
Daniel Dennett,28
William James,28
Novalis,28
Friedrich Schleiermacher,28
Ernst Haeckel,28
Simplicius of Cilicia,27
Ibn Tufail,27
Ernst Cassirer,27
Cleomedes,26
Desiderius Erasmus,26
Anthony Kenny,26
Geminus,25
Salomon Maimon,25
Joseph Solomon Delmedigo,25
Emmanuel Levinas,25
William Alston,25
Antiphon,25
Abu Hatim al-Razi,24
Al-Ash'ari,24
Thomas Reid,24
Paul Tillich,24
Joseph Soloveitchik,24
Ibn Miskawayh,24
Gangesha Upadhyaya,24
Ibn Kammuna,24
Themistius,24
Isaac Orobio de Castro,24
Francisco Sanches,24
Robert Boyle,24
Moses Hess,24
Gottfried Leibniz,24
Isaac Cardoso,24
Ludwig Feuerbach,24
Markandeya,23
Walter Kaufmann,23
Alcibiades,23
Rudolf Otto,23
Shvetashvatara,23
Al-Baqillani,23
Jalal al-Din al-Dawani,23
Ibn Furak,23
Ibn Tzaddik,23
Syed Muhammad Naquib al-Attas,22
Mostafa Malekian,22
Abdolkarim Soroush,22
Karl Popper,22
Reinhold Niebuhr,22
Ernst Troeltsch,22
Taha Abdurrahman,22
Reza Davari Ardakani,22
Benjamin Franklin,22
Edmund Burke,22
Rudolf Bultmann,22
Karl Barth,22
George Santayana,21
William Lane Craig,21
Charles Hartshorne,21
Mircea Eliade,21
John Adams,21
Aristoxenus,21
Peter Geach,21
Samuel Johnson,21
Nasir al-Din Tusi,21
John Calvin,21
Paracelsus,21
Charles Darwin,20
Pierre Bayle,20
George Berkeley,20
Lev Shestov,20
Hunayn ibn Ishaq,20
Richard Swinburne,20
Antony Flew,20
Emil Brunner,20
Alexander Pruss,20
Robert Merrihew Adams,20
Isocrates,20
Afrikan Spir,20
Denis Diderot,20
William Wollaston,19
Narahari Tirtha,19
Ahmad ibn Hanbal,19
Carl Jung,19
Ludwig Wittgenstein,19
Abu Yaqub al-Sijistani,19
Martin Heidegger,18
Angiras,18
Alfred North Whitehead,18
C. D. Broad,18
Zongmi,18
Arthur Schopenhauer,18
Charles Sanders Peirce,18
Jinul,18
Muhammad Abduh,18
Al-Hilli,18
Moses ibn Ezra,17
Vasishtha,17
Fazang,17
Rudolf Steiner,17
Lamennais,17
Yi I,16
Pietro Pomponazzi,16
Christian Wolff,16
Pierre Duhem,16
Auguste Comte,16
Qusta ibn Luqa,16
Basava,16
Dugald Stewart,15
John Dewey,15
Abu al-Hakam al-Kirmani,15
Judah Ben Samuel of Regensburg,15
Simeon ben Zemah Duran,15
Francis Hutcheson,15
Judah Messer Leon,15
Andronicus of Rhodes,15
Abu Zayd al-Balkhi,15
Johann Wolfgang von Goethe,15
Thomas Paine,14
Isaac ben Moses Arama,14
Thierry of Chartres,14
Henry Suso,14
Dogen,14
Eusebius of Caesarea,14
Peter Singer,14
Lorenzo Valla,14
Udayana,14
Wilhelm Windelband,14
Bhoja,14
Wilfrid Sellars,14
Padmanabha Tirtha,13
Hilary Putnam,13
Pillai Lokacharya,13
Johannes Kepler,13
Abu Tammam,13
Otto Neurath,13
Fred Dretske,13
Albert Einstein,13
Gilles Deleuze,13
Hans Reichenbach,13
Gilbert Ryle,13
Thomas Brown,13
Uisang,13
James Mill,13
John of Salisbury,13
Mary Wollstonecraft,13
Akka Mahadevi,13
Michael Polanyi,13
Simone Weil,13
Ian Hacking,13
Imre Lakatos,12
Bas van Fraassen,12
Joseph Priestley,12
Siddheshwar,12
William of Conches,12
John Wyclif,12
Hugo Grotius,12
William Godwin,12
Gotthold Ephraim Lessing,12
Samuel Clarke,12
Christiaan Huygens,12
Do-ol,12
Robert Audi,12
Friedrich Engels,12
Paul Feyerabend,12
Rudolf Carnap,12
Larry Laudan,12
Carl Gustav Hempel,12
Peter of Spain,12
Samuel Taylor Coleridge,12
Isaiah Berlin,11
Robert Fludd,11
Jacopo Zabarella,11
Seneca the Younger,11
Dirghatamas,11
Ernest Sosa,11
Marin Mersenne,11
William Blake,11
David Hartley,11
Johann Gottlieb Fichte,11
Yi Hwang,11
Motoori Norinaga,11
Alexander Bain,11
Fujiwara Seika,11
Jaegwon Kim,11
John McDowell,11
Julien Offray de La Mettrie,10
Liu Shaoqi,10
Paul Deussen,10
Keith DeRose,10
Umberto Eco,10
Hicetas,10
P. F. Strawson,10
Thomas Bradwardine,10
Michel Onfray,10
Joseph Butler,10
Michel de Montaigne,10
Henry Corbin,10
Paul Edwards,10
Parashara,10
Sigmund Freud,10
Laurence BonJour,10
Henry David Thoreau,10
Karl Leonhard Reinhold,10
Richard Price,10
David Ricardo,10
Jan Hus,10
Timothy Williamson,10
James Pryor,10
Edmund Gettier,10
Pierre Paul Royer-Collard,10
Johannes Scotus Eriugena,10
Nelson Goodman,10
Xun Zi,10
Robert Nozick,10
Heinrich Cornelius Agrippa,10
Alvin Goldman,10
Anil Gupta,10
Susan Haack,10
William Temple,9
Liezi,9
Henry George,9
Gerard of Cremona,9
Jonathan Barnes,9
Peter Kropotkin,9
Petrarch,9
Al-Mawardi,9
Johann Gottfried Herder,9
Marquis de Condorcet,9
Carl Linnaeus,9
Marquis de Sade,9
Friedrich Schiller,9
Friedrich Heinrich Jacobi,9
Victor Cousin,9
Abd al-Jabbar ibn Ahmad,9
Richard Bentley,9
Marsilius of Padua,9
John Ray,9
Anacharsis,9
Chao Cuo,8
Alfred Russel Wallace,8
Richard Popkin,8
Benson Mates,8
Herbert Spencer,8
Ajita Kesakambali,8
Pelagius,8
John Norris,8
Michael Tye,8
Akshobhya Tirtha,8
Fred Feldman,8
Robert Fogelin,8
Justinian I,8
Jacques Derrida,8
Eudoxus of Cnidus,8
Franz Brentano,8
Gabriel Biel,8
Thomas Browne,8
John Selden,8
Jean le Rond d'Alembert,8
Noam Chomsky,8
Aspasius,8
Pierre-Joseph Proudhon,7
Vasugupta,7
Friedrich Schelling,7
Hemachandra,7
Thomas Henry Huxley,7
Andrea Cesalpino,7
Masao Abe,7
Jonathan Edwards,7
Je Tsongkhapa,7
Mazdak,7
Jean Gerson,7
Andrew Pyle,7
Sir William Hamilton,7
Nicolaus Copernicus,7
John Marenbon,7
Johannes Bronkhorst,7
Maurice Merleau-Ponty,7
Domingo de Soto,7
Bimal Krishna Matilal,7
Crates of Thebes,7
Pierre-Simon Laplace,6
Ghosha,6
Kundakunda,6
Leslie Stephen,6
Max Planck,6
Daniel Garber,6
Metrocles,6
Lord Monboddo,6
Justus Lipsius,6
Parshvanatha,6
C. S. Lewis,6
Witelo,6
Moses Maimonides,6
Ratramnus,6
Peter Adamson,6
Simone de Beauvoir,6
Edward Stillingfleet,6
Norman Kretzmann,6
Jean-Baptiste Lamarck,6
William Paley,6
Johann Georg Hamann,6
Origen of Alexandria,6
Jorge J. E. Gracia,6
Christopher Hitchens,6
William Hazlitt,6
David Brewster,6
Alan Turing,6
Mahatma Gandhi,6
Robert Filmer,6
George Eliot,6
Bhartrhari,6
Basilides,6
Gottschalk of Orbais,6
Martha Nussbaum,6
Parshva,6
Derek Parfit,6
Debra Nails,6
Julian Baggini,5
Stephen Gaukroger,5
Eduard Zeller,5
Paul Oskar Kristeller,5
Jacques Rohault,5
Gilbert of Poitiers,5
John Toland,5
Wilhelm von Humboldt,5
William of Moerbeke,5
Marilyn McCord Adams,5
John Harris,5
Werner Heisenberg,5
James Clerk Maxwell,5
Samuel Pufendorf,5
G. E. M. Anscombe,5
Karl Kraus,5
Richard of St. Victor,5
Vladimir Lenin,5
Gregory of Rimini,5
Leo Tolstoy,5
May Sim,5
Mikhail Bakunin,5
Michel Foucault,5
Dignaga,5
John Witherspoon,5
Walter Benjamin,5
Donald Davidson,5
Paul Churchland,5
Pingala,5
Oliver Wendell Holmes Jr.,5
William Thompson,5
Robert Kilwardby,5
Tyler Burge,5
Thomas Nagel,5
Thomas White,5
Ned Block,5
Patricia Churchland,5
Rudolf Christoph Eucken,5
Richard Hooker,5
Andy Clark,5
David Chalmers,5
Marvin Minsky,5
Jesus of Nazareth,5
John Searle,5
Joseph de Maistre,5
Henry Brougham,5
Charles Babbage,5
Ibn al-Rawandi,5
William Blackstone,5
Henry Sidgwick,5
Richard Rorty,5
Antiochus of Ascalon,5
Tom Regan,4
Carl Schmitt,4
Lysander Spooner,4
Vincent of Beauvais,4
Robin Waterfield,4
Dieter Henrich,4
Anaxarchus,4
Ibn al-Tayyib,4
Yang Chu,4
Hincmar,4
Juan de Mariana,4
Philipp Melanchthon,4
Eliot Deutsch,4
Benedetto Croce,4
Jean-Paul Sartre,4
Amalananda,4
Abul A'la Maududi,4
George Boole,4
Daniel Dombrowski,4
Sue Donaldson,4
Mario Bunge,4
John Courtney Murray,4
Arthur de Gobineau,4
Asclepiades of Bithynia,4
Max Weber,4
James Rachels,4
Jacob Friedrich von Abel,4
Richard Sorabji,4
Martin Luther King Jr.,4
Olympiodorus the Younger,4
George Grote,4
R. M. Hare,4
Hannah Arendt,4
Tom Beauchamp,4
Johann Heinrich Lambert,4
Charles Taylor,4
Xenophanes of Colophon,4
Heinrich von Kleist,4
John Herschel,4
Carol J. Adams,4
W. K. C. Guthrie,4
Adam Ferguson,4
George Henry Lewes,4
David Sztybel,4
Steven Best,4
William Law,4
Lord Kames,4
Gerolamo Cardano,4
Thomas Lepeltier,4
David Sedley,4
Gary L. Francione,4
Gaudapadacharya,4
Jonathan Bennett,4
Arthur Koestler,4
Matthew of Aquasparta,4
Hugh of St Victor,4
Cesare Cremonini,4
D. V. Gundappa,4
Eleonore Stump,4
George of Trebizond,4
A. A. Long,4
Richard Cumberland,4
Ralph McInerny,4
Antoine Arnauld,4
A. C. Grayling,4
Allen W. Wood,4
Oscar Horta,4
John Hadley,4
Melissus of Samos,4
Makkhali Gosala,4
Herbert Marcuse,4
Joseph Ratzinger,4
Michael Lou Martin,3
Peter Carruthers,3
Albert Camus,3
Antonio Gramsci,3
Donald T. Campbell,3
Agostino Nifo,3
Murray Bookchin,3
Edwin Bryant,3
Jean Bodin,3
Alice Crary,3
Augustus De Morgan,3
David DeGrazia,3
Julius Caesar Scaliger,3
Bernard Williams,3
Emil Cioran,3
Vere Claiborne Chappell,3
Jeff Sebo,3
Priscilla Cohn,3
Stephen R. L. Clark,3
Zengzi,3
Paola Cavalieri,3
Cornelius Castoriadis,3
Mary Midgley,3
Wilhelm Dilthey,3
Epicharmus,3
Ferdinand de Saussure,3
Nicholas Rescher,3
Richard Rufus,3
Benjamin Collins Brodie,3
Sarvepalli Radhakrishnan,3
Gregory Vlastos,3
Cornel West,3
Georgi Plekhanov,3
John Eccles,3
Ludwig Boltzmann,3
Ernst Mayr,3
Guy Debord,3
Josephine Donovan,3
Jacob Burckhardt,3
Samuel Butler,3
Petrus Ramus,3
Herman of Carinthia,3
Cass Sunstein,3
Pierre d'Ailly,3
Dietrich Bonhoeffer,3
Bryan Magee,3
Alexander Herzen,3
Sri Aurobindo,3
Candrakirti,3
Susanne Bobzien,3
Kenelm Digby,3
Abu al-Hudhayl,3
John Balguy,3
Maitreyi,3
Denis Dutton,3
Catia Faria,3
Louis Althusser,3
Abner of Burgos,3
Alcmaeon of Croton,3
Dan Sperber,3
Milton Friedman,3
Bernard Rollin,3
Walter Burley,3
Will Kymlicka,3
Mark Rowlands,3
Anthony Collins,3
Franciscus Mercurius van Helmont,3
Karl Kautsky,3
Jacques Barzun,3
David Benatar,3
Eduard Von Hartmann,3
Giovanni Botero,3
Kurt Flasch,3
Joseph Glanvill,3
James Harrington,3
Amartya Sen,3
Walter Charleton,3
Diagoras,3
Elisabeth of Bohemia,3
Jacobus Arminius,3
Richard Taylor,3
Friedrich Hayek,3
Clare Palmer,3
Friedrich Albert Lange,3
Adelard of Bath,3
Ferdinand Lassalle,3
Kristin Andrews,3
Steve F. Sapontzis,3
Charles Fourier,3
John Sergeant,3
Benjamin Whichcote,3
Martha Kneale,3
Christine de Pizan,3
Madhava Tirtha,3
Bernard R. Goldstein,3
Giacomo Leopardi,3
Gary Varner,3
Jessica Pierce,3
Peter Wessel Zapffe,3
Alexander Altmann,3
John Gay,3
Maine de Biran,3
Heraclitus of Ephesus,3
James Martineau,3
Graham Priest,3
Ernst Mach,3
Ludwig von Mises,3
James McCosh,3
Leonard Nelson,3
Rabindranath Tagore,3
Benjamin Constant,3
Dale Jamieson,3
Pierre Hadot,3
Ilsetraut Hadot,3
John Richardson,3
James Beattie,3
Garrett Hardin,3
David Bentley Hart,3
Sam Harris,3
Vatsyayana,3
Joseph Schumpeter,2
Keith Ward,2
Hipparchia of Maroneia,2
Gregor Mendel,2
Hippolyte Taine,2
H. L. A. Hart,2
Charles H. Kahn,2
Abraham Robinson,2
Henry Longueville Mansel,2
Max Stirner,2
Benjamin Tucker,2
Leon Trotsky,2
Henry Stanton,2
William of Champeaux,2
William of Saint-Amour,2
Catherine Pickstock,2
Rodolphus Agricola,2
Wilhelm Wundt,2
Basaveshwara,2
Anna-Teresa Tymieniecka,2
Alexander Gottlieb Baumgarten,2
Robert C. Solomon,2
Charles Bonnet,2
Ted Honderich,2
John Hick,2
Walafrid Strabo,2
Rosa Luxemburg,2
John Venn,2
Roger Penrose,2
Thomas J. J. Altizer,2
Jiddu Krishnamurti,2
A. H. Armstrong,2
Roger T. Ames,2
Karl Ameriks,2
John Allen,2
Francesco Algarotti,2
Terence Irwin,2
Thomas Belsham,2
Alessandro Achillini,2
Yehuda Halevi,2
William Ralph Inge,2
Frederick C. Beiser,2
John Maynard Keynes,2
Jean Baudrillard,2
Howard Robinson,2
Adam de Wodeham,2
William of Ware,2
David Bostock,2
Graham Oppy,2
Michael Oakeshott,2
Paul Guyer,2
Anthony Gottlieb,2
Narayana Panditacharya,2
Aristo of Chios,2
David Shepherd Nivison,2
Wendell Berry,2
Hermann von Helmholtz,2
Peter Carravetta,2
John Campbell,2
Justus Buchler,2
Luc Brisson,2
Lopamudra,2
Pierre Bourdieu,2
Georges Florovsky,2
John von Neumann,2
Antonio Negri,2
Henricus Regius,2
Bryan W. Van Norden,2
Pierre Charron,2
Joachim Jungius,2
Nicholas D. Smith,2
Fulbert of Chartres,2
Thomas Hodgskin,2
Pierre Leroux,2
Philodemus of Gadara,2
J. O. Urmson,2
Lewis Carroll,2
Wing-tsit Chan,2
William Chittick,2
Debiprasad Chattopadhyaya,2
John D. Caputo,2
Stephen Toulmin,2
Nicoletto Vernia,2
Bernardino Telesio,2
Hypatia of Alexandria,2
Karl Christian Friedrich Krause,2
Paul Goodman,2
Raymond Klibansky,2
Ehrenfried Walther von Tschirnhaus,2
Christian Thomasius,2
Algernon Sydney,2
Anandavardhana,2
George Gemistos Plethon,2
Philip the Chancellor,2
Richard Dedekind,2
Louis Couturat,2
Stephen Darwall,2
Marcel Conche,2
Christine Korsgaard,2
Jay L. Garfield,2
Gabriel Bonnot de Mably,2
Ivor Grattan-Guinness,2
George Grant,2
Ibn al-Khammar,2
Paul Carus,2
William Chillingworth,2
Eduard Bernstein,2
Brian Davies,2
Philolaus of Croton,2
Margaret Cavendish,2
Titus Pomponius Atticus,2
Zeno of Tarsus,2
Arthur Collier,2
Hervaeus Natalis,2
E. J. Lowe,2
Galen Strawson,2
Thomas Percival,2
Michael Friedman,2
Lloyd P. Gerson,2
Peter Olivi,2
Gerbert of Aurillac,2
Muhammad al-Nasafi,2
Uddyotakara,2
Georges Bataille,2
Christopher Shields,2
Stuart Shanker,2
Pierre Daniel Huet,2
Arnold Geulincx,2
Bernard le Bovier de Fontenelle,2
Metrodorus of Chios,2
Claude Lefort,2
Henri Lefebvre,2
Kumazawa Banzan,2
Jacques Lacan,2
Jean Jacques Rousseau,2
John of Jandun,2
Gianni Vattimo,2
H. Richard Niebuhr,2
Sedulius Scottus,2
Jean Piaget,2
Shalva Nutsubidze,2
C. J. F. Williams,2
David Wood,2
Franz Rosenzweig,1
John Woods,1
Paul Woodruff,1
Sheldon Wolin,1
Erwin Rohde,1
George Croom Robertson,1
Bernhard Riemann,1
Euclid of Alexandria,1
Moritz Schlick,1
Tanabe Hajime,1
Jean Wahl,1
Debendranath Tagore,1
Prudentius of Troyes,1
Photios I of Constantinople,1
Michael Harrington,1
Jennifer Michael Hecht,1
Norwood Russell Hanson,1
David Hartman,1
Gayatri Chakravorty Spivak,1
Richard Kearney,1
Oswald Spengler,1
William Ritchie Sorley,1
Robert Zimmer,1
Cebes of Thebes,1
Robert M. Young,1
John K. Roth,1
Bernard de Mandeville,1
Jean Le Clerc,1
Louis de La Forge,1
Jean-Pierre de Crousaz,1
Irving Kristol,1
Ernest Gellner,1
James Franklin,1
John Kenneth Galbraith,1
Hans-Georg Gadamer,1
Jerry Fodor,1
Michael Frede,1
Georg Christoph Lichtenberg,1
Allan Gibbard,1
Michael Ghiselin,1
Alan Gewirth,1
John of La Rochelle,1
Gadadhara Bhattacharya,1
Baron de Montesquieu,1
Roger Marston,1
Gennadius Scholarius,1
Stewart Sutherland,1
Emmanuel Chukwudi Eze,1
Philippa Foot,1
James Mark Baldwin,1
Judith N. Shklar,1
Simon Foucher,1
Mikhail Bakhtin,1
Gaston Bachelard,1
Richard Avenarius,1
Gottlob Ernst Schulze,1
Friedrich von Schlegel,1
Brian Leftow,1
Luciano Floridi,1
Josiah Thompson,1
Nemesius of Emesa,1
William Lycan,1
Genevieve Lloyd,1
Joseph Levine,1
Robert Stern,1
Northrop Frye,1
Erich Fromm,1
Karl Wilhelm Ferdinand Solger,1
Keith Lehrer,1
Raymond Geuss,1
David Farrell Krell,1
Hermann Samuel Reimarus,1
Shvetaketu,1
Tiruvalluvar,1
Colin McGinn,1
Mary Astell,1
M. M. McCabe,1
Rollo May,1
George I. Mavrodes,1
Abraham Tucker,1
Tominaga Nakamoto,1
C. Stephen Evans,1
Gershom Carmichael,1
Harvey Mansfield,1
Robert Desgabets,1
Theodorus of Cyrene,1
Donald M. MacKinnon,1
Frantz Fanon,1
Dorothy Emmet,1
Jean Bethke Elshtain,1
Orestes Brownson,1
R. G. Collingwood,1
William Kingdon Clifford,1
Martin Davies,1
Don Cupitt,1
Paul Draper,1
Vissarion Belinsky,1
Bruno Bauer,1
Percy Williams Bridgman,1
Pakudha Kaccayana,1
Purana Kassapa,1
Polyaenus of Lampsacus,1
Lisa Downing,1
Gerald Edelman,1
Ernan McMullin,1
Jeff McMahan,1
Ibn ar-Rawandi,1
Gargi Vachaknavi,1
Brian Copenhaver,1
John M. Cooper,1
Fyodor Dostoevsky,1
Pietro d'Abano,1
Profiat Duran,1
Susan Shell,1
Niels Bohr,1
Alexander Bogdanov,1
George Boas,1
Georg Cantor,1
Mary Whiton Calkins,1
Edward Caird,1
Paul de Man,1
Michael Davis,1
Alexandre Matheron,1
Agrippa the Sceptic,1
Demetrius the Cynic,1
Charles De Koninck,1
John Cottingham,1
Francesco de Sanctis,1
John Corcoran,1
Damaris Cudworth Masham,1
Wilbur Knorr,1
David M. Knight,1
William Calvert Kneale,1
Richard Gaskin,1
Marjorie Grene,1
Mary J. Gregor,1
Rebecca Goldstein,1
L. Gordon Graham,1
J. L. Schellenberg,1
James V. Schall,1
Pedro da Fonseca,1
Vallabhacharya,1
Nicolaus Taurellus,1
Yahya ibn Adi,1
Ernst von Glasersfeld,1
Martin Knutzen,1
Dr. Samuel Johnson,1
Alison Gopnik,1
George Kline,1
Yen Yuan,1
Gerrard Winstanley,1
Matthew Tindal,1
Liu Tsung-chou,1
Sterling M. McMurrin,1
Perry Miller,1
Deirdre McCloskey,1
Thomas Metzinger,1
Helmut Thielicke,1
Colin Murray Turbayne,1
Shao Yung,1
Gongsun Longzi,1
Barbara Cassin,1
Quassim Cassam,1
Kuno Fischer,1
James Frederick Ferrier,1
Gustav Fechner,1
Haridas Chaudhuri,1
Heiric of Auxerre,1
Isvarakrsna,1
J. B. Schneewind,1
Ernest Addison Moody,1
Jitendra Nath Mohanty,1
Jacopo Mazzoni,1
Anna Maria van Schurman,1
Huston Smith,1
John Hoppus,1
James Griffin,1
Johann Augustus Eberhard,1
Johann Friedrich Herbart,1
Abd al-Masih ibn Ishaq al-Kindi,1
Joannes Philoponus,1
Philip Hallie,1
John Haldane,1
Clement Greenberg,1
Peter Millican,1
Elijah Millgram,1
Alain de Botton,1
Nick Bostrom,1
Charles Taliaferro,1
Tzvetan Todorov,1
Robert Flint,1
Christopher Celenza,1
John Cage,1
Charles Butterworth,1
Robert Cummings Neville,1
John of St. Thomas,1
Abraham Cohen de Herrera,1
Jean-Luc Nancy,1
Yujin Nagasawa,1
J. P. Moreland,1
Clarembald of Arras,1
Philippe Van Parijs,1
Peter of Auvergne,1
Shri Madhvacharya,1
Barry Smith,1
Nishitani Keiji,1
Kai Nielsen,1
Richard J. Bernstein,1
Elbert Hubbard,1
Eric Hoffer,1
John Grote,1
Georges Canguilhem,1
Agnes Callard,1
Myles Burnyeat,1
John Broome,1
Robert Brandom,1
David Braine,1
Hans Blumenberg,1
Alfred Jarry,1
Henry James Sr.,1
David Bohm,1
William of Middleton,1
David Papineau,1
William R. Newman,1
Linda Nochlin,1
Philo the Dialectician,1
Pherecydes of Syros,1
Shukracharya,1
Jakob Friedrich Fries,1
John Gray,1
Allan Gotthelf,1
Peter of Pisa,1
Peter the Iberian,1
Mahapurna,1
Hassan al-Banna,1
Pandurang Shastri Athavale,1
Alain Badiou,1
Joxe Azurmendi,1
Michael R. Ayers,1
Allan Bloom,1
Simon Blackburn,1
Andrew Bernstein,1
Robert Bernasconi,1
Michael Ruse,1
William L. Rowe,1
Margaret Schabas,1
Terence Parsons,1
Yadava Prakaasa,1
William Stanley Jevons,1
Karl Jaspers,1
Angie Hobbs,1
William Belsham,1
Charles Bell,1
Joseph Agassi,1
Giorgio Agamben,1
John Lewis,1
Clarence Irving Lewis,1
Isaac ben Judah Abravanel,1
Zeami Motokiyo,1
William Torrey Harris,1
Ernst Behler,1
Lewis White Beck,1
Nishida Kitaro,1
Hans Kelsen,1
David Hilbert,1
Jc Beall,1
Scott Aikin,1
Elisa Aaltola,1
Chang Tsai,1
John Armstrong,1
Pierre Laffitte,1
Maria Rosa Antognazza,1
Julia Annas,1
J. J. C. Smart,1
Larry Siedentop,1
John Austin,1
Susan James,1
Michael Hardt,1
Immanuel Hermann Fichte,1
Ivan Illich,1
Frank Jackson,1
Michael Inwood,1
Christian Hermann Weisse,1
Miguel Abensour,1
John Veitch,1
William of Sherwood,1
William of St-Thierry,1
Ali ibn Abbas al-Majusi,1
William of Alnwick,1
Walter of Mortagne,1
David Pears,1
Christopher Peacocke,1
Onora O'Neill,1
John Sallis,1
Thomas of Erfurt,1
Dunash ibn Tamim,1
Theodor Adorno,1
Henry E. Allison,1
Blasius of Parma,1
Bernard Silvestris,1
Bartolus de Saxoferrato,1
Francisco Varela,1
Peter Unger,1
Christoph Gottfried Bardili,1
George Campbell,1
Pierre Jean George Cabanis,1
John of Paris,1
Nicholas of Autrecourt,1
Moses Narboni,1
George Edward Hughes,1
Michael Huemer,1
Louis Gabriel Ambroise de Bonald,1
Friedrich Eduard Beneke,1
Hermann Weyl,1
William Mitchell,1
Miki Kiyoshi,1
Franklin Merrell-Wolff,1
William of Pagula,1
William of Nottingham I,1
Trivikrama Panditacharya,1
Louis P. Pojman,1
John Passmore,1
Josef Pieper,1
Herman Philipse,1
Walker Percy,1
Miguel de Unamuno,1
Hermann Ulrici,1
Friedrich Adolf Trendelenburg,1
Alexis de Tocqueville,1
Cavalcante de' Cavalcanti,1
Georges Rey,1
Abu Hayyan al-Tawhidi,1
Maria Montessori,1
Kazimierz Twardowski,1
Hecato of Rhodes,1
Lu Ban,1
Harriet Martineau,1
Ayn Rand,1
William de la Mare,1
William of Durham,1
Walter Chatton,1
William of Auxerre,1
Sayyid Qutb,1
Willard Van Orman Quine,1
Arthur Prior,1
John Perry,1
John Rawls,1
Heinrich Rickert,1
I. A. Richards,1
Roy Wood Sellars,1
Michael Zuckert,1
Hao Wang,1
Archibald Garden Wernham,1
Heinrich von Staden,1
Sibawayh,1
Eubulides of Miletus,1
Catherine Wilson,1
Jonathan Wolff,1
Keith Yandell,1
William David Ross,1
Alexius Meinong,1
Watsuji Tetsuro,1
Gisela Striker,1
Vilfredo Pareto,1
Wilhelm Reich,1
Felix Ravaisson-Mollien,1
Hastings Rashdall,1
Jean Hyppolite,1
Robert Maynard Hutchins,1
Remigius of Auxerre,1
Wasil ibn Ata,1
Nishi Amane,1
John Daniel Wild,1
Geoffrey J. Warnock,1
Urso of Calabria,1
Richard Brinkley,1
Jan van Ruysbroek,1
Greg Restall,1
MarlÃ¨ne Zarader,0
Alenka ZupanÄiÄ,0
Estanislao Zuleta,0
Rachel Zuckert,0
Catherine Zuckert,0
FranÃ§ois Zourabichvili,0
Volker Zotz,0
Yahya ibn 'Adi,0
Wonhyo Daisa,0
Wonchuk,0
Robert Paul Wolff,0
Ursula Wolf,0
Susan R. Wolf,0
Amos N. Wilson,0
Jan Willis,0
W. Hugh Woodin,0
Richard Wollheim,0
Charles SecrÃ©tan,0
Albert Schweizer,0
Alfred SchÃ¼tz,0
Gustav Radbruch,0
Harold Arthur Prichard,0
Henry Habberley Price,0
Linda Trinkaus Zagzebski,0
Santiago Zabala,0
Jiyuan Yu,0
Alexander Zinoviev,0
Michael E. Zimmerman,0
Paul Ziff,0
Zygmunt ZiembiÅski,0
Chaerephon,0
CÄrvÄka,0
Jerzy WrÃ³blewski,0
Karl von Prantl,0
Roscoe Pound,0
Emil Leon Post,0
Henri PoincarÃ©,0
Konstantin Pobedonostsev,0
Arnold Ruge,0
Vasily Rozanov,0
Alf Niels Christian Ross,0
Johann Karl Friedrich Rosenkranz,0
Ralph Barton Perry,0
Benjamin Peirce,0
Giuseppe Peano,0
Charles Bernard Renouvier,0
Karl Renner,0
Adolf Reinach,0
Gustav Gustavovich Shpet,0
Leon Petrazycki,0
Anders Nygren,0
P. D. Ouspensky,0
JosÃ© Ortega y Gasset,0
John Wood Oman,0
Karl Olivecrona,0
Georges Ohsawa,0
Paul RÃ©e,0
Abu Sulayman Muhammad al-Sijistani,0
Siddhasena DivÄkara,0
Huai Nun Tzu,0
Hsu Hsing,0
F. C. S. Schiller,0
Max Scheler,0
Ãmile Saisset,0
Francisco Romero,0
James Hutchison Stirling,0
Pietro Ubaldi,0
L. Susan Stebbing,0
Olaf Stapledon,0
Walter Terence Stace,0
Thomas Spencer Baynes,0
Othmar Spann,0
Georges Sorel,0
Thoralf Skolem,0
Georg Simmel,0
Erwin SchrÃ¶dinger,0
Muhammad ibn Idris ash-Shafi`i,0
Ahmad ibn al-Tayyib al-Sarakhsi,0
Gaetano Mosca,0
Addison Webster Moore,0
Branislav PetronijeviÄ,0
James Ward,0
Friedrich Waismann,0
T'an Ssu-t'ung,0
John Neihardt,0
Paul Gerhard Natorp,0
Max MÃ¼ller,0
John Henry Muirhead,0
PrabhÄkara,0
Mestrius Plutarch of Chaeronia,0
ThÄbit ibn Qurra,0
W. H. S. Monck,0
Dimitrije Mitrinovic,0
James Sully,0
Carl Stumpf,0
David Friedrich Strauss,0
George Frederick Stout,0
Philipp MainlÃ¤nder,0
John Macmurray,0
Nikolai Konstantinovich Mikhailovskii,0
Carlo Michelstaedter,0
Emile Meyerson,0
DÃ©sirÃ©-Joseph Mercier,0
Marcelino MenÃ©ndez y Pelayo,0
Friedrich Meinecke,0
George Herbert Mead,0
John Ellis McTaggart,0
William McDougall,0
Frederick Robert Tennant,0
Gustav Teichmuller,0
Harriet Taylor Mill,0
WÅadysÅaw Tatarkiewicz,0
John B. Watson,0
Henry D. Abelove,0
Bijan Abdolkarimi,0
Ruth Abbey,0
Nicola Abbagnano,0
Boris Petrovich Vysheslavtsev,0
Lev Vygotsky,0
Milan Vidmar,0
Hans Vaihinger,0
Dimitri Uznadze,0
Dorothy Maud Wrinch,0
Chauncey Wright,0
Woo Tsin-hang,0
Stanislaw Ignacy Witkiewicz,0
Fritz Mauthner,0
TomÃ¡Å¡ Garrigue Masaryk,0
Ernst Mally,0
Hermann Lotze,0
Nicholas Onufrievich Lossky,0
Aleksei Fedorovich Losev,0
Jakob Lorber,0
Alfred Loisy,0
Alain LeRoy Locke,0
Karl Nickerson Llywelyn,0
Georg Mehlis,0
Ãmile LittrÃ©,0
Israel Lipkin,0
Karol Libelt,0
Edvard Westermarck,0
Felix Weltsch,0
Victoria Lady Welby,0
Otto Weininger,0
Raziel Abelson,0
Timo Airaksinen,0
Khurshid Ahmad,0
Gholamreza Aavani,0
Richard Aaron,0
Xavier Zubiri,0
Florian Znaniecki,0
Ernst Zermelo,0
Mortimer J. Adler,0
Matthew Adler,0
Maynard Adams,0
James Luther Adams,0
H. B. Acton,0
Frantisek Weyr,0
Jan Åukasiewicz,0
Georg LukÃ¡cs,0
Arthur O. Lovejoy,0
Diogenes Allen,0
Anita L. Allen,0
Trevor Allan,0
J. L. Ackrill,0
Felicia Nimue Ackerman,0
Hans Achterhuis,0
Peter Achinstein,0
Gerd B. Achenbach,0
David Abram,0
William Emmanuel Abraham,0
Linda MartÃ­n Alcoff,0
Rogers Albritton,0
Hans Albert,0
David Albert,0
Lilli Alanen,0
Shabbir Akhtar,0
Liang Sou-ming,0
Kurt Lewin,0
Lucien LÃ©vy-Bruhl,0
StanisÅaw LeÅniewski,0
Jules Lequier,0
Konstantin Nikolaevich Leont'ev,0
Karl Mannheim,0
Adrian LeMors,0
Edouard Louis Emmanuel Julien Le Roy,0
Moritz Lazarus,0
Peter Lavrovitch Lavrov,0
Sediq Afghan,0
Mantas AdomÄnas,0
Jimmy Altham,0
Ferdinand AlquiÃ©,0
William B. Allen,0
George James Allan,0
Keimpe Algra,0
Robert Alexy,0
Aleksandr Danilovich Aleksandrov,0
Gerda Alexander,0
Virgil Aldrich,0
Ian Angus,0
Irving Anellis,0
Antanas Andrijauskas,0
Pamela Sue Anderson,0
John Mueller Anderson,0
Elizabeth S. Anderson,0
C. Anthony Anderson,0
Alan Ross Anderson,0
Sylviane Agacinski,0
Michel Aflaq,0
Robert Arrington,0
Nomy Arpaly,0
Robert Arp,0
Raymond Aron,0
GÃ¼nther Anders,0
Alice Ambrose,0
Peter Alward,0
Leslie Armour,0
TÃ¼rker Armaner,0
IstvÃ¡n Aranyosi,0
Lennart Ãqvist,0
Richard Aquila,0
Richard Appignanesi,0
Kwame Anthony Appiah,0
Karl-Otto Apel,0
G. Aldo Antonelli,0
Lene Auestad,0
GwenaÃ«lle Aubry,0
Elspeth Attwooll,0
Robin Attfield,0
Henri Atlan,0
Ronald Field Atkinson,0
John P. Anton,0
Dario Antiseri,0
Keith Ansell-Pearson,0
Molefi Kete Asante,0
Adil Asadov,0
Mariano Artigas,0
John Arthur,0
Sergei N. Artemov,0
Zaki al-Arsuzi,0
Kenneth Arrow,0
Juan Arnau,0
David Malet Armstrong,0
Susanne Langer,0
Jules Lachelier,0
Antonio Labriola,0
Kuki ShÅ«zÅ,0
Richard Kroner,0
Leopold Kronecker,0
Alexandre Koyre,0
Tadeusz KotarbiÅski,0
Alejandro Korn,0
Feliks Koneczny,0
Jeremy Avigad,0
Armen Avanessian,0
Randall Auxier,0
John Langshaw Austin,0
Ãtienne Balibar,0
Tom Baldwin,0
Gopal Balakrishnan,0
Albena Bakratcheva,0
George N. Atiyeh,0
Margaret Atherton,0
Karl Aschenbrenner,0
Archie J. Bahm,0
BronisÅaw Baczko,0
Kent Bach,0
Rebeca Baceiredo,0
Babette Babich,0
Harriet Baber,0
Jody Azzouni,0
Hiroki Azuma,0
Rudolf Arnheim,0
Brian Barry,0
William Barrett,0
Marcia Baron,0
Hazel Barnes,0
Stephen F. Barker,0
Alfred Jules Ayer,0
Francisco J. Ayala,0
Kostas Axelos,0
Anita Avramides,0
JosÃ© Barata-Moura,0
Amiri Baraka,0
Karen Barad,0
Dorit Bar-On,0
Yehoshua Bar-Hillel,0
Michael Banner,0
Renford Bambrough,0
Zygmunt Bauman,0
Nancy Bauer,0
David Batstone,0
Gregory Bateson,0
Diderik Batens,0
David Basinger,0
Lynne Rudder Baker,0
Gordon Park Baker,0
Kurt Baier,0
Annette Baier,0
W. W. Bartley III,0
Steven James Bartlett,0
Sandra Bartky,0
Lauren Swayne Barthold,0
Roland Barthes,0
Norman P. Barry,0
Ian Barbour,0
Renaud Barbaras,0
Wolfgang KÃ¶hler,0
SÃ¸ren Kierkegaard,0
Aleksey Khomyakov,0
Hermann von Keyserling,0
Norman Kemp Smith,0
Konstantin Kavelin,0
Michael Ivanovich Karinski,0
Mordecai Kaplan,0
Shadworth Hodgson,0
William Ernest Hocking,0
Leonard Trelawny Hobhouse,0
Monroe Beardsley,0
Francoise Baylis,0
Charles A. Baylis,0
Nuel Belnap,0
Kathryn Sophia Belle,0
Jon Barwise,0
Shadi Bartsch,0
Renate Bartsch,0
Charles Beitz,0
Werner Beierwaltes,0
Hasna Begum,0
Helen Beebee,0
Mark Bedau,0
Hugo Bedau,0
Francis J. Beckwith,0
Lawrence C. Becker,0
Gerhold K. Becker,0
Jason Barker,0
Sidi Mohamed Barkat,0
Jean Beaufret,0
Ernst JÃ¼nger,0
JÃ¸rgen JÃ¸rgensen,0
William Ernest Johnson,0
C.E.M. Joad,0
Krishnamurti Jiddu,0
Rudolf von Jhering,0
Friedrich Harms,0
Piers Benn,0
Seyla Benhabib,0
Seth Benardete,0
JosÃ© Benardete,0
Linos Benakis,0
Paul Benacerraf,0
Aaron Ben-Ze'ev,0
Yemima Ben-Menahem,0
Peter Anthony Bertocci,0
Robert N. Bellah,0
Shannon Bell,0
John Lane Bell,0
Daniel Bell,0
Jay Bernstein,0
Walter Berns,0
Marshall Berman,0
Arnold Berleant,0
Michael Bergmann,0
Gustav Bergmann,0
Frithjof Bergmann,0
Peter L. Berger,0
Floris van den Berg,0
William Bechtel,0
Anthony Beavers,0
Jeffrey Bishop,0
Garrett Birkhoff,0
Sergio Benvenuto,0
Bruce Ellis Benson,0
Alain de Benoist,0
Geoffrey Bennington,0
Anat Biletzki,0
Jean BiÃ¨s,0
Jacques Bidet,0
Cristina Bicchieri,0
Vladimir Bibikhin,0
Roy Bhaskar,0
Homi K. Bhabha,0
Jean-Yves BÃ©ziau,0
Mark Bevir,0
GÃ¡bor Betegh,0
Eduard Hanslick,0
BÃ©la Hamvas,0
Axel HÃ¤gerstrÃ¶m,0
Ivan Aleksandrovich Il'in,0
Hsiung Shih-li,0
Max Horkheimer,0
Wesley Newcomb Hohfeld,0
Harald HÃ¸ffding,0
Heinrich Rudolf Hertz,0
Lawrence Blum,0
Joseph Leon Blau,0
Maurice Blanchot,0
Oliva Blanchette,0
Russell Blackford,0
Max Black,0
Frode Alfson BjÃ¸rdal,0
Lisa Bortolotti,0
Eugene Borowitz,0
Alexander Bird,0
Harry Binswanger,0
Katalin BimbÃ³,0
Akeel Bilgrami,0
Sissela Bok,0
Hilary Bok,0
Gernot BÃ¶hme,0
Paul Boghossian,0
Margaret Boden,0
Remo Bodei,0
Jozef Maria Bochenski,0
Chris Bobonich,0
Ludwig von Bertalanffy,0
Marcus Berquist,0
Richard B. Brandt,0
Myles Brand,0
Theodore Brameld,0
Richard-Bevan Braithwaite,0
Rosi Braidotti,0
RÃ©mi Brague,0
Michael Brady,0
Norberto Bobbio,0
Andy Blunden,0
Albert Blumberg,0
Andrew Bowie,0
David Frederick Bowers,0
Jacques Bouveresse,0
Eileen Hunt Botting,0
George Botterill,0
Inga Bostad,0
Albert Borgmann,0
Michael Bordt,0
George Boolos,0
Rudolf Haym,0
Nicolai Hartmann,0
Lao Zi,0
Payasi,0
PataÃ±jali,0
PaÃ±caÅikha,0
PÄá¹ini,0
Paul HÃ¤berlin,0
Edmund Gurney,0
G. I. Gurdjieff,0
Michael Bratman,0
Ray Brassier,0
Eva Brann,0
Fernand Brunner,0
Robert Brumbaugh,0
Pascal Bruckner,0
Richard Bradley,0
Joseph A. Bracken,0
Richard Boyd,0
Jan Boxill,0
Thom Brooks,0
Stephen Bronner,0
Berit Brogaard,0
May Brodbeck,0
Dan W. Brock,0
Sarah Broadie,0
David O. Brink,0
Jean Bricmont,0
Teresa Brennan,0
John Burnheim,0
James Burnham,0
Arthur Burks,0
John P. Burgess,0
J. Peter Burgess,0
Jason Brennan,0
Geoffrey Brennan,0
David Braybrooke,0
Stephen E. Braude,0
Henry Bugbee,0
Gerd Buchdahl,0
James M. Buchanan,0
Ian Buchanan,0
Allen Buchanan,0
Jeffrey Bub,0
Brian Bruya,0
Victoria Camps,0
Joseph Campbell,0
J. Baird Callicott,0
Craig Callender,0
Joan Callahan,0
Daniel Callahan,0
Bartosz BroÅ¼ek,0
Kimberley Brownlee,0
Wendy Brown,0
Harvey Brown,0
Victor L. Butterfield,0
Jeremy Butterfield,0
Judith Butler,0
Panayot Butchvarov,0
Roderick D. Bush,0
David Burrell,0
Claudia Card,0
Ronna Burger,0
Martin Bunzl,0
Kurt Grelling,0
Thomas Hill Green,0
Vincenzo Gioberti,0
Asher Ginsberg,0
Ãtienne Gilson,0
Charlotte Perkins Gilman,0
Otto von Gierke,0
Sergei Hessen,0
Mary Baker Eddy,0
Giovanni Gentile,0
NÄrÄyana Guru,0
RÃ©ginald Garrigou-Lagrange,0
Monique Canto-Sperber,0
Stanley Cavell,0
Jean CavaillÃ¨s,0
David Castle,0
Roberto Castillo,0
Hector-Neri CastaÃ±eda,0
Massimo Cacciari,0
AmÃ­lcar Cabral,0
Olavo de Carvalho,0
Richard Cartwright,0
Nancy Cartwright,0
Alan Carter,0
Rachel Carson,0
Arturo Carsetti,0
Eduardo Carrasco,0
Walter Carnielli,0
Taylor Carman,0
Josiah S. Carberry,0
Herman Cappelen,0
MiliÄ Äapek,0
Nikolai Fyodorovich Fyodorov,0
Hans Freyer,0
SemÃ«n Liudvigovich Frank,0
Philipp Frank,0
Jerome Frank,0
Pavel Aleksandrovich Florenskii,0
Franciszek Fiszer,0
John Fiske,0
Hugo Dingler,0
Albert Venn Dicey,0
Clare Chambers,0
Alan Chalmers,0
Michel de Certeau,0
Giuseppe Ferrari,0
Ernest Fenollosa,0
Thome H. Fang,0
Julius Evola,0
Christian von Ehrenfels,0
Antoine Augustin Cournot,0
Hans Cornelius,0
Ananda Kentish Coomaraswamy,0
John Cook Wilson,0
Pema ChÃ¶drÃ¶n,0
Kah Kyung Cho,0
James Childress,0
Charles Chihara,0
Ronda Chervin,0
Harold F. Cherniss,0
Albert Chernenko,0
Lorraine Code,0
Cratylus of Athens,0
Hasok Chang,0
Catherine ClÃ©ment,0
Justin Clemens,0
Carol Cleland,0
W. Norris Clarke,0
Desmond Clarke,0
Gordon Clark,0
Jean Clam,0
HÃ©lÃ¨ne Cixous,0
Joanne B. Ciulla,0
Frank Cioffi,0
C. West Churchman,0
Pierre Cassou-NoguÃ¨s,0
Edward S. Casey,0
Julius Ebbinghaus,0
Manilal Dwivedi,0
Ãmile Durkheim,0
Eugen DÃ¼hring,0
Curt Ducasse,0
Emil du Bois-Reymond,0
Hans Adolf Eduard Driesch,0
Herman Dooyeweerd,0
Juan Donoso CortÃ©s,0
Pantaleo Carabellese,0
David R. Cole,0
Selma Jeanne Cohen,0
L. Jonathan Cohen,0
Joshua Cohen,0
Gerald Cohen,0
Felix S. Cohen,0
Richard Creath,0
Robert P. Crease,0
Gautama Siddhartha,0
Gautama Aksapada,0
Alan Code,0
David Cockburn,0
John B. Cobb,0
C. A. J. Coady,0
Sharyn Clough,0
Paul Cliteur,0
Irving Copi,0
Jack Copeland,0
Rachel Cooper,0
Lucio Colletti,0
Jules Coleman,0
Arthur Eddington,0
Arthur Danto,0
Jonathan Dancy,0
Mary Daly,0
Daniel O. Dahlstrom,0
David E. Cooper,0
Ursula Coope,0
Joyce Mitchell Cook,0
Deborah Cook,0
James H. Cone,0
AndrÃ© Comte-Sponville,0
John Joseph Compton,0
Patricia Hill Collins,0
Helena Cronin,0
Simon Critchley,0
Roger Crisp,0
Max Cresswell,0
Tim Crane,0
William Craig,0
Galvano Della Volpe,0
Nikolay Danilevsky,0
Heinrich Czolbe,0
Tadeusz Czezowski,0
James Edwin Creighton,0
Ludwig BÃ¼chner,0
James Bryce 1st Viscount Bryce,0
Leon Brunschvicg,0
Newton da Costa,0
Drucilla Cornell,0
Carla Cordua,0
Viola Cordova,0
Arnold Davidson,0
Lindley Darden,0
Ronald de Sousa,0
Vincent Descombes,0
Giorgio de Santillana,0
Robert Dahl,0
FranÃ§ois Dagognet,0
James T. Cushing,0
Jean Curthoys,0
Robert Denoon Cumming,0
Antonio Cua,0
Richard Crossman,0
Robert Craigie Cross,0
John J. DeGioia,0
Richard T. De George,0
Maximilian de Gaynesford,0
John Deely,0
Helen De Cruz,0
Josephus Flavius Cook,0
Hermann Cohen,0
Chapman Cohen,0
August Cieszkowski,0
Leon Chwistek,0
Nikolai Chernyshevsky,0
Emile Auguste Chartier,0
Carlo Cattaneo,0
Oets Kolk Bouwsma,0
Emile Boutroux,0
Bernard Bosanquet,0
Diane Davis,0
Angela Davis,0
Philippe Devaux,0
Karl Deutsch,0
Michael Detlefsen,0
Douglas Den Uyl,0
Lara Denis,0
John Elof Boodin,0
Norman Robert Campbell,0
Sergei Nikolaevich Bulgakov,0
Nikolai Berdyaev,0
Julien Benda,0
Bernard Delfgaauw,0
Manuel DeLanda,0
Jude Patrick Dougherty,0
Mark Dooley,0
Keith Donnellan,0
Alan Donagan,0
Mario De Caro,0
Vianney DÃ©carie,0
Constantin Brunner,0
Zoran ÄinÄiÄ,0
Michael R. Dietrich,0
George Dickie,0
Donna Dickenson,0
Cora Diamond,0
L. Harold DeWolf,0
Hent de Vries,0
Michael Devitt,0
Jon Michael Dunn,0
Raya Dunayevskaya,0
Fernand Dumont,0
Aleksandr Dugin,0
Dominique Dubarle,0
Shadia Drury,0
Hubert Dreyfus,0
James Drever,0
William Herbert Dray,0
Gustave Belot,0
Oskar Becker,0
David Baumgardt,0
Luitzen Egbertus Jan Brouwer,0
Edgar S. Brightman,0
F. H. Bradley,0
Borden Parker Bowne,0
Bradley Dowden,0
James Doull,0
David Edmonds,0
James M. Edie,0
Dorothy Edgington,0
Abraham Edel,0
John Earman,0
William A. Earle,0
Anne Fagot-Largeault,0
Emil Fackenheim,0
Miroslaw Dzielski,0
Davor DÅ¾alto,0
Ronald Dworkin,0
Gerald Dworkin,0
Louis DuprÃ©,0
John DuprÃ©,0
Amitai Etzioni,0
John Etchemendy,0
Erik Erikson,0
Pascal Engel,0
Jon Elster,0
Jacques Ellul,0
Brian David Ellis,0
Burton Dreben,0
J. N. Findlay,0
Hartry Field,0
Luc Ferry,0
Frederick FerrÃ©,0
JosÃ© Ferrater Mora,0
Maurizio Ferraris,0
Carl Elliott,0
Ignacio EllacurÃ­a,0
Alexandra Elbakyan,0
Carolyn Eisele,0
Margaret Elizabeth Egan,0
Joanne Faulkner,0
James E. Faulconer,0
Austin Marsden Farrer,0
Marvin Farber,0
Delia Graff Fara,0
Nir Eyal,0
Stanley Eveling,0
Valentin Ferdinandovich Asmus,0
Roberto ArdigÃ²,0
John Anderson,0
Henri-FrÃ©dÃ©ric Amiel,0
Hermann Blumenau,0
Benjamin Paul Blood,0
Ernst Bloch,0
Brand Blanshard,0
Nathan Birnbaum,0
Johannes Nikolaus Tetens,0
Gareth Evans,0
Jin Eun-young,0
Kit Fine,0
Arthur Fine,0
Joel Feinberg,0
Herbert Feigl,0
Tai Chen,0
Jules BarthÃ©lemy-Saint-Hilaire,0
Alfred Baeumler,0
Shah Wali Allah,0
Solomon Feferman,0
Andrew Feenberg,0
Silvia Federici,0
Elizabeth Flower,0
Joseph Fletcher,0
Richard E. Flathman,0
Owen Flanagan,0
Branden Fitelson,0
Frederic Fitch,0
CÃ©cile Fabre,0
Hans Wilhelm Frei,0
Nancy Fraser,0
Oliver Shewell Franks,0
John Martin Fischer,0
Roderick Firth,0
John Finnis,0
Eugen Fink,0
Herbert Fingarette,0
Bruno de Finetti,0
Martha Albertson Fineman,0
Carlos Fraenkel,0
Rainer Forst,0
John Forrester,0
Peter Forrest,0
Ãlisabeth de Fontenay,0
Ann Ferguson,0
Shaun Gallagher,0
Peter Galison,0
Raimond Gaita,0
Dov Gabbay,0
Christopher Fynsk,0
Lon L. Fuller,0
William Fontaine,0
Dagfinn FÃ¸llesdal,0
Thomas R. Flynn,0
James R. Flynn,0
VilÃ©m Flusser,0
Marilyn Friedman,0
Miranda Fricker,0
Raymond Frey,0
Peter A. French,0
Anne Fremantle,0
Viktor Frankl,0
Harry Frankfurt,0
Nancy Frankenberry,0
Samuel Alexander,0
Konstantin Sergeyevich Aksakov,0
Kazimierz Ajdukiewicz,0
Jamal al-Din al-Afghani,0
Robert Adamson,0
YÃ¼ Cheng-hsieh,0
Vauvenargues,0
August Wilhelm Rehberg,0
Daniel Raymond,0
William K. Frankena,0
Charles Frankel,0
Manfred Frank,0
W. B. Gallie,0
Risieri Frondizi,0
Issac de Pinto,0
StanisÅaw Staszic,0
Anne Louise Germaine de StaÃ«l,0
Jan Sniadecki,0
Hryhori Skovoroda,0
Heinrich Christoph Wilhelm Sigwart,0
Lady Mary Shepherd,0
John Millar,0
Roman Frigg,0
Eugene Gendlin,0
Tamar Gendler,0
Arnold Gehlen,0
Clifford Geertz,0
David Gauthier,0
Gerald Gaus,0
Simon Glendinning,0
Moira Gatens,0
William H. Gass,0
Friedrich Carl von Savigny,0
Mulla Hadi Sabzevari,0
Claude Henri de Rouvroy Comte de Saint-Simon,0
Antonio Rosmini-Serbati,0
John Gardner,0
Patrick Gardiner,0
Michael Allen Gillespie,0
Langdon Gilkey,0
Margaret Gilbert,0
Roger Gibson,0
James J. Gibson,0
Rashid al-Ghannushi,0
Marilyn Frye,0
Ana Marta GonzÃ¡lez,0
Alfonso GÃ³mez-Lobo,0
NicolÃ¡s GÃ³mez DÃ¡vila,0
Cornelius Golightly,0
Bernard Gert,0
Volker Gerhardt,0
Robert P. George,0
Gerhard Gentzen,0
Erving Goffman,0
Lydia Goehr,0
Peter Godfrey-Smith,0
Kurt GÃ¶del,0
Paul Gochet,0
Clark Glymour,0
Jonathan Glover,0
Hans-Johann Glock,0
RenÃ© Girard,0
Carl Ginet,0
Wilhelm Traugott Krug,0
Nachman Krochmal,0
Hugo KoÅÅÄtaj,0
Richard Payne Knight,0
James Oswald,0
Lorenz Oken,0
Theophilos Kairis,0
ThÃ©odore Simon Jouffroy,0
Alexander Bryan Johnson,0
Neil Gillman,0
Carol Gilligan,0
Donald A. Gillies,0
Robert Gooding-Williams,0
Robert E. Goodin,0
Jeroen Groenendijk,0
Germain Grisez,0
Paul E. Griffiths,0
Allen Phillips Griffiths,0
David Ray Griffin,0
Herbert Paul Grice,0
Victor Goldschmidt,0
Lucien Goldmann,0
Peter Goldie,0
Warren Goldfarb,0
Jesse Glenn Gray,0
Gilles-Gaston Granger,0
GÃ©rard Granel,0
James Allen Graff,0
Trudy Govier,0
ValÃ©ry Giroux,0
Gotthard GÃ¼nther,0
Alvin Gouldner,0
T. A. Goudge,0
Friedrich HÃ¶lderlin,0
Josef HoÃ«nÃ©-Wronski,0
Hermann Friedrich Wilhelm Hinrichs,0
Laurens Perseus Hickok,0
Samuel Heywood,0
Pierre LaromiguiÃ¨re,0
Francis Haywood,0
Mary Hays,0
David Ramsay Hay,0
Laetitia Matilda Hawkins,0
Paul Gottfried,0
AndrÃ© Gorz,0
Lewis Gordon,0
Maxine Greene,0
Leslie Green,0
Celia Green,0
Philo Judaeus of Alexandria,0
Pippalada,0
Graves Chamney Haughton,0
Julius Charles Hare,0
Renn Dickson Hampden,0
Alexander Gerard,0
David Fordyce,0
Hilary Greaves,0
Kwame Gyekye,0
Abimael GuzmÃ¡n,0
Gary Gutting,0
Samuel Guttenplan,0
Aron Gurwitsch,0
FÃ©lix Guattari,0
Ãmilie du ChÃ¢telet,0
Claude Adrien HelvÃ©tius,0
G.W.F. Hegel,0
KÅ«kai,0
Ko Hung,0
Cynthia M. Grund,0
Adolf GrÃ¼nbaum,0
Elizabeth Grosz,0
Stuart Hampshire,0
Clive Hamilton,0
Joseph Halpern,0
Manly Palmer Hall,0
Everett Hall,0
Bob Hale,0
Volker Halbach,0
Petr Iakovlevich Chaadev,0
Thomas Gisbourne,0
Giacinto Sigismondo Gerdil,0
Johann Ulrich von Cramer,0
Peter Hacker,0
JÃ¼rgen Habermas,0
Karsten Harries,0
Rom HarrÃ©,0
Graham Harman,0
Gilbert Harman,0
John E. Hare,0
Sandra Harding,0
Russell Hardin,0
Hans Ulrich Gumbrecht,0
Charles Guignon,0
MarÃ­a JosÃ© Guerra Palmero,0
Virginia Held,0
Klaus Heinrich,0
John Heil,0
Patrick Aidan Heelan,0
Donna Haraway,0
Sven Ove Hansson,0
Alastair Hannay,0
Byung-Chul Han,0
Jean Elizabeth Hampton,0
John Haugeland,0
Stanley Hauerwas,0
Van A. Harvey,0
Nancy Hartsock,0
Stephan Hartmann,0
Robert S. Hartman,0
Heinrich Moritz ChalybÃ¤us,0
Zellig Harris,0
Tristan Harris,0
Ãtienne Bonnot de Condillac,0
Tasan ChÃ´ng Yagyong,0
Chang Hsueh-ch'eng,0
Wang Ch'ung,0
Valentinius,0
VÄcaspati MiÅra,0
KumÄrila Bhaá¹?¹­a,0
William Burdon,0
Georges-Louis Leclerc Comte de Buffon,0
Robert Buchanan,0
Errol Harris,0
MichaÅ Heller,0
Erich Heller,0
Ãgnes Heller,0
Donald O. Hebb,0
Jane Heal,0
Matti HÃ¤yry,0
John Hawthorne,0
Katherine Hawley,0
David Hawkins,0
Daniel M. Hausman,0
Christopher S. Hill,0
Stephen Hicks,0
Cressida Heyes,0
Mary Hesse,0
Abraham Joshua Heschel,0
Jeanne Hersch,0
Barbara Herman,0
Will Herberg,0
John Harsanyi,0
Robert J. Henle,0
Leon Henkin,0
Jean Anthelme Brillat-Savarin,0
Rudjer Boscovich,0
Emerich de Vattel,0
Christian August Crusius,0
Hugh Blair,0
Futa Helu,0
Tamara Horowitz,0
Jennifer Hornsby,0
bell hooks,0
Brad Hooker,0
Sidney Hook,0
Axel Honneth,0
Martin Hollis,0
Albert Hofstadter,0
Jacob Sigismund Beck,0
Cesare Marquis of Beccaria,0
John Ballantyne,0
Lawrence Butterworth,0
Samuel Bailey,0
Franz Xaver von Baader,0
Pierre Hyacinthe Azais,0
Jaakko Hintikka,0
Claire Ortiz Hill,0
John Hyman,0
Douglas Husak,0
Rosalind Hursthouse,0
Susan Hurley,0
Thomas Hurka,0
David Hull,0
Michel Henry,0
Erich Jantsch,0
Hsu Fu-kuan,0
Colin Howson,0
George Hourani,0
Paulin J. Hountondji,0
John Hospers,0
Paul Horwich,0
Alison Jaggar,0
Harry V. Jaffa,0
Rahel Jaeggi,0
Jane Jacobs,0
Veronica Ivy,0
William Irwin,0
Luce Irigaray,0
Richard Hocking,0
Sarah Hoagland,0
Hans Kamp,0
Daniel Kahneman,0
Bernard Ryosuke Inagaki,0
Claude Imbert,0
Evald Vassilievich Ilyenkov,0
Don Ihde,0
Galen Johnson,0
Barbara Johnson,0
Stephen D. John,0
Alejandro Jodorowsky,0
Hans Joas,0
Fiona Jenkins,0
Richard C. Jeffrey,0
Katarzyna Jaszczolt,0
Nick Jardine,0
Grace Jantzen,0
Elselijn Kingma,0
Kim Hyung-suk,0
Joseph Kerman,0
Duncan Kennedy,0
Willmoore Kendall,0
Andreas Kemmerling,0
Fredric Jameson,0
Joy James,0
Pankaj Jain,0
Evelyn Fox Keller,0
Gordon D. Kaufman,0
Jerrold Katz,0
Carol Karp,0
Barrie Karp,0
Abraham Kaplan,0
Robert Kane,0
Pierre-Simon Ballanche,0
Anthony Ashley-Cooper 3rd Earl of Shaftesbury,0
Georg Anton Friedrich Ast,0
Robert Aspland,0
Anton Wilhelm Amo,0
Archibald Alison,0
Johann Heinrich Abicht,0
John Abercrombie,0
Robert Blakey,0
Robert Joseph Pothier,0
OgyÅ« Sorai,0
Yi Kan,0
Elizabeth Kiss,0
Richard Kirkham,0
Robert Kirk,0
Mark Kingwell,0
Erazim KohÃ¡k,0
John G. Kemeny,0
David Kelley,0
Joseph J. Kockelmans,0
Hans KÃ¶chler,0
Adrienne Koch,0
Dudley Knowles,0
Joshua Knobe,0
Ursula Klein,0
Peter D. Klein,0
Stephen Cole Kleene,0
Shelly Kagan,0
Dorthe JÃ¸rgensen,0
Hans Jonas,0
Patricia Kitcher,0
George Turnball,0
Otto Kraushaar,0
Matthew Kramer,0
Pierre-Sylvain Regis,0
ÅÄriputra,0
Sanjaya Belatthiputta,0
Timaeus of Locri,0
Carolyn Korsmeyer,0
Stephan KÃ¶rner,0
WÅodzimierz Julian Korab-Karpowicz,0
Mario KopiÄ,0
Milton R. Konvitz,0
Milan Komar,0
Katerina Kolozova,0
Leszek Kolakowski,0
Alexandre KojÃ¨ve,0
Lawrence Kohlberg,0
Henry E. Kyburg Jr.,0
Jonathan Kvanvig,0
Paul Kurtz,0
Sarah Kofman,0
Joel J. Kupperman,0
Ä°oanna KuÃ§uradi,0
Kalevi Kull,0
Bruce Kuklick,0
Thomas Samuel Kuhn,0
Erik von Kuehnelt-Leddihn,0
Julia Kristeva,0
Georg Kreisel,0
Richard Kraut,0
Michael Krausz,0
Peter Kivy,0
Philip Kitcher,0
Ludwig Landgrebe,0
Mark Lance,0
Corliss Lamont,0
Antoine Le Grand,0
Kaibara Ekiken,0
Gabrielle Suchon,0
James Dalrymple 1st Viscount Stair,0
Nathaniel Culverwel,0
Geraud de Cordemoy,0
Lady Anne Finch Conway,0
Karel Lambert,0
Kaave Lajevardi,0
Cristina Lafont,0
Jean LadriÃ¨re,0
Philippe Lacoue-Labarthe,0
John Lachs,0
Otis Hamilton Lee,0
Bruce Lee,0
MichÃ¨le Le DÅuff,0
Dominique Lecourt,0
Jonathan Lear,0
Morris Lazerowitz,0
Stephen Law,0
Thelma Z. Lavine,0
Albert Lautman,0
Quentin Lauer,0
Bruno Latour,0
Serge Latouche,0
Christopher Lasch,0
FranÃ§ois Laruelle,0
Rae Langton,0
Helen S. Lang,0
John A. Leslie,0
Ernest Lepore,0
Robin Le Poidevin,0
Ito Jinsai,0
Han Wonjin,0
Guido Grandi,0
Baltasar GraciÃ¡n y Morales,0
FranÃ§ois de Salignac de la Mothe-FÃ©nelon,0
Michelangelo Fardella,0
James G. Lennox,0
John Lemmon,0
Hannes Leitgeb,0
Brian Leiter,0
Werner Leinfellner,0
Wolfgang Leidhold,0
Yeshayahu Leibowitz,0
Rudolf Lingens,0
George Lindbeck,0
Mark Lilla,0
Suzanne Lilar,0
S. Matthew Liao,0
Dimitris Liantinis,0
Casimir Lewy,0
Hywel Lewis,0
David Kellogg Lewis,0
Tim Lewens,0
Bernard-Henri LÃ©vy,0
Claude LÃ©vi-Strauss,0
Michael Levin,0
Isaac Levi,0
Helen Longino,0
Michael Leunig,0
BÃ©atrice Longuenesse,0
Rosa MarÃ­a RodrÃ­guez Magda,0
R. James Long,0
Alan Lomax,0
Knud Ejler LÃ¸gstrup,0
Barry Loewer,0
Sharon Lloyd,0
Elisabeth Lloyd,0
Peter Lipton,0
Arthur Lipsett,0
Gilles Lipovetsky,0
Leonard Linsky,0
Ãystein Linnebo,0
Alphonso Lingis,0
William MacAskill,0
Jean-FranÃ§ois Lyotard,0
Margaret MacDonald,0
Dwight Macdonald,0
Neil MacCormick,0
Michael Marder,0
Ruth Barcan Marcus,0
David Lyons,0
Niklas Luhmann,0
Peter Ludlow,0
Maria Lugones,0
Thomas Luckmann,0
John R. Lucas,0
Hermann LÃ¼bbe,0
Jerzy ÅoÅ,0
Paul Lorenzen,0
Beth Lord,0
Bernard Loomer,0
Catherine Malabou,0
Jane Maienschein,0
Lorenzo Magnani,0
Margaret Masterman,0
Brian Massumi,0
Abraham Maslow,0
Aloysius Martinich,0
Marylin Maeso,0
Penelope Maddy,0
John Macquarrie,0
Fiona Macpherson,0
Catharine A. MacKinnon,0
John Leslie Mackie,0
Louis Mackey,0
Tibor R. Machan,0
Peter K. Machamer,0
Erin Manning,0
Bonnie Mann,0
Pierre Manent,0
Humphry Ditton,0
John Theophilus Desaguliers,0
Sung Hsing,0
Abbo of Fleury,0
Zhuang Zi,0
Juan LuÃ­s Vives,0
Catherine Trotter Cockburn,0
Johannes Clauberg,0
Maurice Mandelbaum,0
Merab Mamardashvili,0
Malcolm X,0
Norman Malcolm,0
David Malament,0
Claude Buffier,0
Peter Browne,0
Samuel Bold,0
Hugh Binning,0
Francesco Silvestri,0
Michal SedziwÃ³j,0
FranÃ§ois Bernier,0
Jill Marsden,0
Giacomo Marramao,0
Blossius,0
BÄdarÄyaÅa,0
Ellopion of Peparethus,0
Diogenes the Cynic of Sinope,0
Diogenes Apolloniates,0
Dandamis,0
Don Marquis,0
JuliÃ¡n MarÃ­as,0
Joseph Margolis,0
Henry Margenau,0
Yves Marie AndrÃ©,0
Firmin Abauzit,0
Herbert McCabe,0
Linda LÃ³pez McAlister,0
Wolfe Mays,0
John Maynard Smith,0
Todd May,0
Tim Maudlin,0
Gareth Matthews,0
Richard Milton Martin,0
Michael G. F. Martin,0
Donald A. Martin,0
Richard Burthogge,0
Francesco Patrizi da Cherso,0
Richard Overton,0
Gabriel Vasquez,0
"Lucilio ""Giulio Cesare"" Vanini",0
Francisco Toledo,0
Teresa of Avila,0
Francisco SuÃ¡rez,0
Sosan Hyujong,0
Isaac La PeyrÃ¨re,0
Marshall McLuhan,0
Robert McKim,0
Terence McKenna,0
Brian McGuinness,0
John J. McDermott,0
Sally McConnell-Ginet,0
Odo Marquard,0
George Armitage Miller,0
James William McClendon Jr.,0
Thomas A. McCarthy,0
John McCarthy,0
Geoffrey Midgley,0
Alex Michalos,0
Vincent Miceli,0
Leonard B. Meyer,0
Frank Meyer,0
AdÃ¨le Mercier,0
Eduardo Mendieta,0
David Hugh Mellor,0
Quentin Meillassoux,0
Wallace Matson,0
BartholomÃ¤us Keckermann,0
FranÃ§ois Rabelais,0
Brian Herbert Medlin,0
Margaret Mead,0
Muhammad Baqir Mir Damad,0
Mikyo Dorje,0
BartolomÃ© de Medina,0
John Major,0
NiccolÃ² Machiavelli,0
Chiao Hung,0
Ch'en Hsien-chang,0
Sandra Mitchell,0
Christine Mitchell,0
Jean-Claude Milner,0
Charles Wright Mills,0
Charles Wade Mills,0
Ruth Millikan,0
Izchak Miller,0
Timothy Morton,0
David W. Miller,0
Alan Millar,0
Stanley Milgram,0
Herbert Morris,0
Errol Morris,0
Christopher W. Morris,0
Charles W. Morris,0
Sidney Morgenbesser,0
Max More,0
Julius Moravcsik,0
Charles A. Moore,0
A. W. Moore,0
Alan Montefiore,0
Richard Montague,0
Paul E. Meehl,0
Murray Murphey,0
Ray Monk,0
George Molnar,0
Annemarie Mol,0
Sachiko Murata,0
Stephen Mumford,0
Kevin Mulligan,0
Stephen Mulhall,0
Walter George Muelder,0
V. Y. Mudimbe,0
Richard Mouw,0
Chantal Mouffe,0
Mary Mothersill,0
JesÃºs MosterÃ­n,0
Bob Moses,0
Paul Moser,0
Uma Narayan,0
Meera Nanda,0
Edward Herbert 1st Baron Herbert of Cherbury,0
Wawrzyniec Grzymala Goslicki,0
Rudolph Goclenius,0
Abu Said Al-Sirafi,0
AbÅ« á¸¤anÄ«fa,0
Abd al-Salam al-Jubba'i,0
Jakob BÃ¶hme,0
Sebastiano Basso,0
Ernest Nagel,0
Arne NÃ¦ss,0
Alan Musgrave,0
Pauli Murray,0
Nancey Murphy,0
Arthur Edward Murphy,0
Huey P. Newton,0
John E. Murdoch,0
Iris Murdoch,0
Jay Newman,0
Glen Newey,0
Allen Newell,0
Paul Nelson,0
Susan Neiman,0
Alexander Nehamas,0
Oskar Negt,0
Karen Neander,0
Stephen Neale,0
Maurice Natanson,0
John Forbes Nash Jr.,0
Adam Morton,0
Margaret Morrison,0
Christopher Norris,0
Calvin Normore,0
Kathryn Norlock,0
Tore Nordenstam,0
John T. Noonan Jr.,0
Jan Narveson,0
Constantin Noica,0
Alva NoÃ«,0
Nel Noddings,0
Kwame Nkrumah,0
Paul Nizan,0
Martine Nida-RÃ¼melin,0
Julian Nida-RÃ¼melin,0
Eduardo Nicol,0
Shaun Nichols,0
William Newton-Smith,0
Domingo BÃ¡Ã±ez,0
Yohanan ben Isaac Alemanno,0
Guillaume du Vair,0
RenÃ© Descartes,0
Denys the Carthusian,0
Elijah Delmedigo,0
Johannes Crellius,0
John Comenius,0
Cheng Hsuan,0
Celsus of Alexandria,0
Candidus Wizo,0
Lucy O'Brien,0
Mwalimu Julius Kambarage Nyerere,0
Kathleen Nott,0
John D. Norton,0
David L. Norton,0
Ernst Nolte,0
James Otteson,0
Konrad Ott,0
Blake Ostler,0
Charles E. Osgood,0
RocÃ­o Orsi,0
Gloria Origgi,0
Toby Ord,0
Walter Jackson Ong,0
Alan M. Olson,0
Revilo P. Oliver,0
Kelly Oliver,0
Susan Moller Okin,0
Brian E. O'Neil,0
Anthony O'Hear,0
Mary O'Brien,0
Barbara Partee,0
Charles Parsons,0
Burchard of Worms,0
Anicius Manlius Severinus Boethius,0
William of Macclesfield,0
William of Lucca,0
Leone Battista Alberti,0
Adrian Parr,0
Rohit Jivanlal Parikh,0
George Pappas,0
Arthur Pap,0
Peter Pagin,0
JesÃºs Padilla GÃ¡lvez,0
Susan Oyama,0
Joseph Owens,0
Gwilyn Ellis Lane Owen,0
Uriel Acosta,0
Judah ben Isaac Abravanel,0
Abu'l Hasan Muhammad Ibn Yusuf al-'Amiri,0
AbÅ« al-Ê¿AlÄÊ¾ al-MaÊ¿arrÄ«,0
Chih Tun,0
William of Heytesbury,0
William of Soissons,0
Terence Penelhum,0
Carlo Penco,0
Lorenzo PeÃ±a,0
Zbigniew PeÅczyÅski,0
Jean-Jacques Pelletier,0
Leonard Peikoff,0
David L. Paulsen,0
Paul R. Patton,0
Jan PatoÄka,0
Madsen Pirie,0
Robert B. Pippin,0
Adrian Piper,0
Massimo Pigliucci,0
Hanna Pickard,0
Gualtiero Piccinini,0
Eva Picardi,0
Alexander Piatigorsky,0
Giovanni Piana,0
D. Z. Phillips,0
Philip Pettit,0
Anna L. Peterson,0
Richard Stanley Peters,0
Albert Outler,0
ChaÃ¯m Perelman,0
Derk Pereboom,0
William of Rubio,0
William Peter Godin,0
William Perault,0
William of Nottingham II,0
William of Newburgh,0
William Milverley,0
Thomas of York,0
Leonardo Polo,0
John L. Pollock,0
Thomas Pogge,0
Val Plumwood,0
Mark de Bretton Platts,0
John Plamenatz,0
Ullin Place,0
George Pitcher,0
Robert M. Pirsig,0
Andrew J. Reck,0
FranÃ§ois Recanati,0
Miguel Reale,0
Lorenz Bruno Puntel,0
Stathis Psillos,0
Harry Prosch,0
Huw Price,0
Dag Prawitz,0
Vaughan Pratt,0
John Poulakos,0
Van Rensselaer Potter,0
Mark Poster,0
Richard Posner,0
Tariq Ramadan,0
K. J. Popma,0
Edward Pols,0
Melvin Rader,0
William Hothum,0
William of Falgar,0
William of Clifford,0
William Buser,0
William of Auvergne Bishop of Paris,0
William Crathorn,0
Shihab al-Din Yahya ibn Habash ibn Amirak al-Sohravardi,0
Simon of Faversham,0
Sigerus of Brabant,0
Eduardo Rabossi,0
Wlodek Rabinowicz,0
Anthony Quinton,0
Philip L. Quinn,0
Zenon Pylyshyn,0
Ruth Anna Putnam,0
Gillian Rose,0
Eugene Dennis Rose,0
Joseph Raz,0
Yvanka B. Raynova,0
Heidi Ravven,0
Douglas B. Rasmussen,0
Anatol Rapoport,0
Rose Rand,0
Jacques RanciÃ¨re,0
Paul Ramsey,0
Ian Thomas Ramsey,0
Frank P. Ramsey,0
Paul RicÅur,0
Radovan Richta,0
Vojin RakiÄ,0
Peter Railton,0
Someshvara III,0
Shem Tob Ibn Falaquera,0
Walter of Bruges,0
Walter of Ailly,0
Vishnu Tirtha,0
Vital Du Four,0
MÄdhava VidyÄranya,0
Ulrich of Strasbourg,0
Ubertino of Casale,0
Roscelin of CompiÃ¨gne,0
Michael Resnik,0
George Reisman,0
Patricia Reif,0
Robert Reich,0
Jonathan RÃ©e,0
Michael Redhead,0
Wesley Salmon,0
AmÃ©lie Rorty,0
David Roochnik,0
Avital Ronell,0
Holmes Rolston III,0
Wendy Anne Rogers,0
Sebastian RÃ¶dl,0
R. R. Rockingham Gill,0
Cedric Robinson,0
Joachim Ritter,0
Denise Riley,0
Joseph Rovan,0
Daniel Rothschild,0
Henry S. Richardson,0
Janet Radcliffe Richards,0
Rush Rhees,0
Thomas Scanlon,0
Gian-Carlo Rota,0
ClÃ©ment Rosset,0
James F. Ross,0
Daniel Ross,0
Sandra B. Rosenthal,0
Nancy L. Rosenblum,0
Jay Rosenberg,0
Harold Rosenberg,0
Alexander Rosenberg,0
Stanley Rosen,0
Michael E. Rosen,0
Gideon Rosen,0
Philipp Rosemann,0
Constantine Sandis,0
Michael J. Sandel,0
Mark Sainsbury,0
Radulphus Brito,0
Robert Holcot,0
RatnakÄ«rti,0
Richard of Middleton,0
Rgyal tshab dar ma rin chen,0
Thomas Ã  Kempis,0
Theodore Metochita,0
Dirar ibn 'Amr,0
Diogenes LaÃ«rtius,0
Ali Shariati,0
David Rynin,0
Ian Rumfitt,0
Rosemary Radford Ruether,0
Sara Ruddick,0
Elaine Scarry,0
Geoffrey Sayre-McCord,0
Julian Savulescu,0
Fernando Savater,0
Simon Saunders,0
John Ralston Saul,0
Jennifer Saul,0
Barbara Sattler,0
Crispin Sartwell,0
Sahotra Sarkar,0
Prabhat Rainjan Sarkar,0
David H. Sanford,0
Dana Scott,0
Bart Schultz,0
Sally Scholz,0
Nathan Salmon,0
Jean-Michel Salanskis,0
Michael Scriven,0
Nancy Sherman,0
Donald W. Sherburne,0
Tommie Shelby,0
Barbara Scholz,0
Malcolm Schofield,0
David Schmidtz,0
Hubert Schleichert,0
Stephen Schiffer,0
Samuel Scheffler,0
Israel Scheffler,0
Kenneth F. Schaffner,0
Francis Schaeffer,0
Richard Schacht,0
Scott Sehon,0
Jerome Segal,0
Thomas Seebohm,0
Dawud ibn Khalaf,0
David ibn Merwan al-Mukkamas,0
Isaac Polgar,0
Joane Petrizi,0
Johannes Sharpe,0
Sa skya pandita,0
William Penbygull,0
Pietro Damiani,0
Roger Scruton,0
Carolina Scotto,0
Charles E. Scott,0
Steven Schwarzschild,0
Lisa H. Schwartzman,0
Ofelia Schutte,0
Reiner SchÃ¼rmann,0
Brian Skyrms,0
John Skorupski,0
Lawrence Sklar,0
Dariush Shayegan,0
Steven Shaviro,0
A Satyanarayana Shastri,0
Stewart Shapiro,0
Lisa Shapiro,0
Timothy Shanahan,0
Israel Shahak,0
Russ Shafer-Landau,0
Neven SesardiÄ,0
Michel Serres,0
Anita Silvers,0
Hugh J. Silverman,0
John Silber,0
David Sidorsky,0
Frank Sibley,0
Richard Shusterman,0
Peter Aureol,0
Omar KhayyÃ¡m,0
Richard Kilvington,0
Robert Alyngton,0
Pseudo-Grosseteste,0
Michael Psellus,0
Henry Shue,0
Kristin Shrader-Frechette,0
Alexis Shotwell,0
Sydney Shoemaker,0
Abner Shimony,0
Susan Sherwin,0
Christina Slade,0
Fred Sommers,0
B. F. Skinner,0
Guy Sircello,0
Walter Sinnott-Armstrong,0
Marcus George Singer,0
Irving Singer,0
William Angus Sinclair,0
Peter Simons,0
Gilbert Simondon,0
Yves Simon,0
Herbert A. Simon,0
Alison Simmons,0
Raymond Smullyan,0
Tara Smith,0
Nicholas J. J. Smith,0
Nicholas H. Smith,0
John Edwin Smith,0
Gaius Musonius Rufus,0
Fridugisus,0
Mamaidev,0
Manuel Chrysoloras,0
PrabhÄcandra,0
Lu Hsiang-shan,0
Kavindra Tirtha,0
Daniel W. Smith,0
Timothy Smiley,0
Ninian Smart,0
Hans Sluga,0
Peter Sloterdijk,0
Aaron Sloman,0
Kate Soper,0
Susan Sontag,0
Judah ben Moses of Rome,0
John of Mirecourt,0
Johannes Capreolus,0
Alexander Neckham,0
Moses Nahmanides,0
James of Viterbo,0
Immanuel the Roman,0
Alan Soble,0
Elliott Sober,0
Jordan Howard Sobel,0
Scott Soames,0
Joseph D. Sneed,0
Yorick Smythies,0
Ashvapati,0
Aristippus the Elder of Cyrene,0
Michael A. Smith,0
David Ibn Merwan Al-Mukammas,0
Ibn Taymiya,0
Ibn Sabin,0
Theodore Abu-Qurrah,0
Abu Mansur Maturidi,0
Abu Bakr Muhammad ibn Zakariya al-Razi,0
Abd al-KarÄ«m ibn HawÄzin Qushayri,0
John Raymond Smythies,0
Edward Stachura,0
Amia Srinivasan,0
Timothy Sprigge,0
Jan Michael Sprenger,0
Wolfgang Spohn,0
Christina Hoff Sommers,0
Margaret Somerville,0
Robert Sokolowski,0
Edward Strong,0
Avrum Stroll,0
Sharon Street,0
Robert Spitzer,0
Herbert Spiegelberg,0
David Spangler,0
Robert Spaemann,0
Thomas Sowell,0
Janet Soskice,0
Stefan Lorenz Sorgner,0
Bernard Stiegler,0
Stephen Stich,0
Helen Steward,0
Charles Leslie Stevenson,0
Dolf Sternberger,0
Kim Sterelny,0
Nassim Nicholas Taleb,0
William W. Tait,0
Javad Tabatabai,0
Peter Szendy,0
Edmond Bordeaux Szekely,0
Thomas Szasz,0
Gunther Stent,0
Isabelle Stengers,0
Mark Steiner,0
Wolfgang StegmÃ¼ller,0
Glen Stassen,0
Jason Stanley,0
Robert Stalnaker,0
Newton Phelps Stallknecht,0
Konstantinos Staikos,0
Barry Stroud,0
Karola Stotz,0
Daniel Stoljar,0
AtÄ«Åa,0
Abraham ben Moses Maimonides,0
Adam Parvipontanus,0
Hibat Allah Abu'l-Barakat al-Baghd\aadi,0
Henry of Harclay,0
Joseph Kaspi,0
Isaac Ben Solomon Israeli,0
Francis of Marchia,0
Durandus of St. PourÃ§ain,0
Martin Stokhof,0
Patrick Stokes,0
Dejan StojanoviÄ,0
Kathleen Stock,0
Gail Stine,0
Goran Å vob,0
Hu Hung,0
Hillel ben Samuel of Verona,0
Ibrahim an-Nazzam,0
UmÄsvÄti or Umasvami,0
GangeÅa,0
Francis of Meyronnes,0
Patrick Suppes,0
Frederick Suppe,0
Jenny Teichman,0
Paul W. Taylor,0
Paul C. Taylor,0
Ken Taylor,0
Gabriele Taylor,0
David Stove,0
Jeffrey Stout,0
Peter Tudvad,0
Alfred I. Tauber,0
John Tasioulas,0
Alfred Tarski,0
TorbjÃ¶rn TÃ¤nnsjÃ¶,0
Tang Junyi,0
Jacques Taminiaux,0
Konrad Talmont-KamiÅski,0
Robert B. Talisse,0
Claudine Tiercelin,0
Pavel TichÃ½,0
Ole Thyssen,0
Judith Jarvis Thomson,0
Patricia Thompson,0
Brendan Sweetman,0
Norman Swartz,0
Jean van Heijenoort,0
Herman Van Breda,0
Johan van Benthem,0
Alasdair Urquhart,0
Amie Thomasson,0
Laurence Thomas,0
Irving Thalberg Jr.,0
Paul Thagard,0
Alice ter Meulen,0
Neil Tennant,0
Sergio Tenenbaum,0
Placide Tempels,0
Stephen Park Turner,0
Ray Turner,0
Raimo Tuomela,0
Ernst Tugendhat,0
Cecilia Trifogli,0
Roberto Torretti,0
Hsi K'ang,0
Ho Yen,0
Himerius,0
Hierocles the Stoic,0
Juan Chi,0
Jahm bin Safwan,0
JÄbir ibn HayyÄn,0
Dnyaneshwar,0
David of Dinant,0
Michael Tooley,0
Rosemarie Tong,0
Julius Tomin,0
Orlando Toledo,0
Luuk van Middelaar,0
Ralph C. S. Walker,0
Mark Alan Walker,0
Ivo UrbanÄiÄ,0
Roberto Mangabeira Unger,0
Thomas Uebel,0
Joseph Tussman,0
Paul Virilio,0
Michel Villey,0
Etienne Vermeersch,0
Dirk Verhofstadt,0
Peter-Paul Verbeek,0
Zeno Vendler,0
J. David Velleman,0
Henry Babcock Veatch,0
Adolfo SÃ¡nchez VÃ¡zquez,0
Roger Trigg,0
Nicla Vassallo,0
Achille Varzi,0
Juha Varto,0
Chou Tun-Yi,0
Chakradhar Swami,0
Basil Bessarion,0
Gervase of Canterbury,0
Gerard of Odo,0
Peter Vardy,0
Michael Walzer,0
Wil Waluchow,0
Kendall Walton,0
Douglas N. Walton,0
W. H. Walsh,0
Adrian Walsh,0
R. Jay Wallace,0
Albrecht Wellmer,0
Christopher Heath Wellman,0
Philip Welch,0
Margaret Urban Walker,0
Jeremy Waldron,0
Jules Vuillemin,0
Eric Voegelin,0
Eliseo Vivas,0
Eugene Webb,0
Richard M. Weaver,0
Paul Watzlawick,0
Alan Watts,0
John Leonard Watling,0
John W. N. Watkins,0
Marx W. Wartofsky,0
Thomas B. Warren,0
Abraham bar Hiyya Ha-Nasi,0
'Isa ibn Zur'a,0
Abd-AllÄh Ibn al-MuqaffaÊ¿,0
Macrobius Ambrosius Theodosius,0
Cassius Dionysius Longinus,0
Kuo Hsiang,0
W. D. Wright,0
Georg Henrik von Wright,0
Mark Wrathall,0
John Worrall,0
Nigel Warburton,0
Ernest Wamba dia Wamba,0
Philip Wheelwright,0
Anthony Weston,0
Robert B. Westbrook,0
Peter Wenz,0
Richard Dien Winfield,0
Peter Winch,0
Carl Friedrich von WeizsÃ¤cker,0
Morris Weitz,0
Paul Weiss,0
Jack Russell Weinstein,0
William Stone Weedon,0
Michel Weber,0
Michael Williams,0
Dallas Willard,0
Kathy Wilkes,0
Frederick Wilhelmsen,0
Dan Wikler,0
Karen J. Warren,0
Mary Warnock,0
Abul Maali al-Juwayni,0
Elizabeth Wolgast,0
Sybil Wolfram,0
David Wiggins,0
Philip P. Wiener,0
Nettie Wiebe,0
Heather Widdows,0
Morton White,0
Alan R. White,0
Alan White,0
Monique Wittig,0
Charlotte Witt,0
John Oulton Wisdom,0
John Wisdom,0
Kwasi Wiredu,0
William J. Winslade,0
Langdon Winner,0
Anaxilaus,0
MarÃ­a Zambrano,0
JosÃ© Zalabardo,0
Dan Zahavi,0
Arthur M. Young,0
Robert M. Yost,0
Chia Yi,0
ElÃ©mire Zolla,0
Slavoj Å½iÅ¾ek,0
Akspada Gautama,0
Jan Zwicky,0
Ingo Zechner,0
William C. Wimsatt,0
Robert Wilson,0
Mark Wilson,0
Margaret Dauler Wilson,0
Julian Young,0
Iris Marion Young,0
Damon Young,0
Jan WoleÅski,0
Karol WojtyÅa,0
John W. Yolton,0
John Howard Yoder,0
Francis Parker Yockey,0
Cemal YÄ±ldÄ±rÄ±m,0
George Yancy,0
Xu Liangying,0
Edith Wyschogrod,0
Mark Wynn,0
Alison Wylie,0
John Zerzan,0
Anaximenes of Miletus,0
